EPOQUE,GAMMA,AVAILABLE_ACTIONS,N0,REWARD_IF_CROSS,REWARD_IF_COLLISION,REWARD_IF_STILL,TOTAL_EPOQUE,EPSILON,ALPHA,TOTAL_REWARDS,MEAN_SCORE,MEAN_SCORE_[-10],SCORE
0,0.99,2,5.0,100,-10,0,1001,1.00,1.00, 800.00,13.00,13.00,13
1,0.99,2,5.0,100,-10,0,1001,1.00,1.00, 850.00,13.50,13.50,14
2,0.99,2,5.0,100,-10,0,1001,1.00,1.00, 410.00,13.00,13.00,12
3,0.99,2,5.0,100,-10,0,1001,1.00,1.00, 630.00,13.00,13.00,13
4,0.99,2,5.0,100,-10,0,1001,1.00,1.00, 390.00,12.60,12.60,11
5,0.99,2,5.0,100,-10,0,1001,1.00,1.00, 710.00,12.67,12.67,13
6,0.99,2,5.0,100,-10,0,1001,0.83,0.50, 260.00,12.43,12.43,11
7,0.99,2,5.0,100,-10,0,1001,1.00,1.00, 870.00,12.62,12.62,14
8,0.99,2,5.0,100,-10,0,1001,1.00,1.00, 460.00,12.44,12.44,11
9,0.99,2,5.0,100,-10,0,1001,1.00,1.00, 590.00,12.40,12.40,12
10,0.99,2,5.0,100,-10,0,1001,1.00,1.00, 930.00,12.55,12.50,14
11,0.99,2,5.0,100,-10,0,1001,1.00,1.00, 360.00,12.50,12.30,12
12,0.99,2,5.0,100,-10,0,1001,0.83,0.50, 610.00,12.54,12.40,13
13,0.99,2,5.0,100,-10,0,1001,1.00,1.00, 400.00,12.43,12.20,11
14,0.99,2,5.0,100,-10,0,1001,0.83,1.00, 570.00,12.40,12.30,12
15,0.99,2,5.0,100,-10,0,1001,1.00,1.00, 310.00,12.31,12.10,11
16,0.99,2,5.0,100,-10,0,1001,1.00,1.00, 690.00,12.35,12.30,13
17,0.99,2,5.0,100,-10,0,1001,0.71,1.00, 470.00,12.33,12.10,12
18,0.99,2,5.0,100,-10,0,1001,0.83,1.00, 330.00,12.32,12.20,12
19,0.99,2,5.0,100,-10,0,1001,1.00,1.00, 710.00,12.35,12.30,13
20,0.99,2,5.0,100,-10,0,1001,1.00,1.00, 910.00,12.48,12.40,15
21,0.99,2,5.0,100,-10,0,1001,1.00,0.50, 690.00,12.50,12.50,13
22,0.99,2,5.0,100,-10,0,1001,1.00,1.00, 630.00,12.52,12.50,13
23,0.99,2,5.0,100,-10,0,1001,0.83,1.00, 720.00,12.54,12.70,13
24,0.99,2,5.0,100,-10,0,1001,1.00,1.00, 410.00,12.52,12.70,12
25,0.99,2,5.0,100,-10,0,1001,0.83,1.00, 580.00,12.54,12.90,13
26,0.99,2,5.0,100,-10,0,1001,0.71,1.00, 560.00,12.56,12.90,13
27,0.99,2,5.0,100,-10,0,1001,1.00,1.00, 330.00,12.54,12.90,12
28,0.99,2,5.0,100,-10,0,1001,1.00,1.00, 710.00,12.59,13.10,14
29,0.99,2,5.0,100,-10,0,1001,0.62,0.50, 970.00,12.67,13.30,15
30,0.99,2,5.0,100,-10,0,1001,0.83,1.00, 680.00,12.68,13.10,13
31,0.99,2,5.0,100,-10,0,1001,0.71,0.50, 740.00,12.72,13.20,14
32,0.99,2,5.0,100,-10,0,1001,0.62,1.00, 590.00,12.73,13.20,13
33,0.99,2,5.0,100,-10,0,1001,1.00,1.00, 720.00,12.79,13.40,15
34,0.99,2,5.0,100,-10,0,1001,1.00,1.00, 340.00,12.77,13.40,12
35,0.99,2,5.0,100,-10,0,1001,0.83,1.00, 890.00,12.83,13.60,15
36,0.99,2,5.0,100,-10,0,1001,0.71,1.00, 690.00,12.86,13.70,14
37,0.99,2,5.0,100,-10,0,1001,0.83,1.00, 670.00,12.89,13.90,14
38,0.99,2,5.0,100,-10,0,1001,1.00,1.00, 760.00,12.92,13.90,14
39,0.99,2,5.0,100,-10,0,1001,1.00,1.00, 660.00,12.95,13.80,14
40,0.99,2,5.0,100,-10,0,1001,1.00,1.00, 330.00,12.93,13.70,12
41,0.99,2,5.0,100,-10,0,1001,0.71,1.00, 690.00,12.95,13.70,14
42,0.99,2,5.0,100,-10,0,1001,0.83,1.00, 750.00,12.98,13.80,14
43,0.99,2,5.0,100,-10,0,1001,0.71,1.00, 460.00,12.95,13.50,12
44,0.99,2,5.0,100,-10,0,1001,1.00,1.00, 650.00,12.96,13.60,13
45,0.99,2,5.0,100,-10,0,1001,0.56,0.50, 840.00,13.00,13.60,15
46,0.99,2,5.0,100,-10,0,1001,0.71,0.50, 780.00,13.02,13.60,14
47,0.99,2,5.0,100,-10,0,1001,0.62,1.00, 660.00,13.04,13.60,14
48,0.99,2,5.0,100,-10,0,1001,1.00,1.00, 510.00,13.06,13.60,14
49,0.99,2,5.0,100,-10,0,1001,0.83,0.50,1010.00,13.12,13.80,16
50,0.99,2,5.0,100,-10,0,1001,1.00,1.00, 830.00,13.14,14.00,14
51,0.99,2,5.0,100,-10,0,1001,1.00,1.00, 720.00,13.15,14.00,14
52,0.99,2,5.0,100,-10,0,1001,1.00,0.50,1260.00,13.23,14.30,17
53,0.99,2,5.0,100,-10,0,1001,0.83,0.50, 820.00,13.26,14.60,15
54,0.99,2,5.0,100,-10,0,1001,1.00,1.00, 960.00,13.29,14.80,15
55,0.99,2,5.0,100,-10,0,1001,0.83,1.00,1040.00,13.34,14.90,16
56,0.99,2,5.0,100,-10,0,1001,0.83,1.00, 840.00,13.37,15.00,15
57,0.99,2,5.0,100,-10,0,1001,0.83,0.33, 860.00,13.40,15.10,15
58,0.99,2,5.0,100,-10,0,1001,1.00,1.00, 620.00,13.42,15.20,15
59,0.99,2,5.0,100,-10,0,1001,1.00,1.00, 980.00,13.45,15.10,15
60,0.99,2,5.0,100,-10,0,1001,0.83,0.50, 790.00,13.48,15.20,15
61,0.99,2,5.0,100,-10,0,1001,0.71,1.00, 950.00,13.50,15.30,15
62,0.99,2,5.0,100,-10,0,1001,1.00,1.00, 750.00,13.52,15.10,15
63,0.99,2,5.0,100,-10,0,1001,0.83,0.50,1260.00,13.58,15.30,17
64,0.99,2,5.0,100,-10,0,1001,1.00,0.50,1090.00,13.62,15.40,16
65,0.99,2,5.0,100,-10,0,1001,1.00,1.00,1120.00,13.67,15.50,17
66,0.99,2,5.0,100,-10,0,1001,1.00,1.00, 820.00,13.69,15.50,15
67,0.99,2,5.0,100,-10,0,1001,0.71,1.00, 950.00,13.72,15.60,16
68,0.99,2,5.0,100,-10,0,1001,0.83,1.00, 880.00,13.74,15.60,15
69,0.99,2,5.0,100,-10,0,1001,0.50,0.50, 860.00,13.76,15.60,15
70,0.99,2,5.0,100,-10,0,1001,1.00,1.00, 980.00,13.79,15.70,16
71,0.99,2,5.0,100,-10,0,1001,1.00,1.00,1240.00,13.83,15.90,17
72,0.99,2,5.0,100,-10,0,1001,1.00,1.00,1210.00,13.89,16.20,18
73,0.99,2,5.0,100,-10,0,1001,0.83,0.50,1040.00,13.92,16.10,16
74,0.99,2,5.0,100,-10,0,1001,1.00,1.00, 970.00,13.95,16.10,16
75,0.99,2,5.0,100,-10,0,1001,1.00,0.50, 830.00,13.96,15.90,15
76,0.99,2,5.0,100,-10,0,1001,0.83,1.00, 880.00,13.99,16.00,16
77,0.99,2,5.0,100,-10,0,1001,1.00,1.00, 530.00,14.00,15.90,15
78,0.99,2,5.0,100,-10,0,1001,0.83,1.00,1270.00,14.05,16.20,18
79,0.99,2,5.0,100,-10,0,1001,0.71,0.20,1240.00,14.10,16.50,18
80,0.99,2,5.0,100,-10,0,1001,0.71,0.50,1210.00,14.15,16.70,18
81,0.99,2,5.0,100,-10,0,1001,0.83,1.00,1190.00,14.18,16.70,17
82,0.99,2,5.0,100,-10,0,1001,1.00,1.00,1050.00,14.20,16.50,16
83,0.99,2,5.0,100,-10,0,1001,1.00,0.33,1610.00,14.27,16.90,20
84,0.99,2,5.0,100,-10,0,1001,0.83,1.00,1040.00,14.31,17.00,17
85,0.99,2,5.0,100,-10,0,1001,0.71,1.00,1220.00,14.36,17.40,19
86,0.99,2,5.0,100,-10,0,1001,0.83,1.00, 870.00,14.38,17.40,16
87,0.99,2,5.0,100,-10,0,1001,1.00,1.00,1080.00,14.41,17.60,17
88,0.99,2,5.0,100,-10,0,1001,1.00,1.00,1180.00,14.44,17.50,17
89,0.99,2,5.0,100,-10,0,1001,0.83,1.00,1410.00,14.49,17.60,19
90,0.99,2,5.0,100,-10,0,1001,0.83,0.50,1190.00,14.53,17.60,18
91,0.99,2,5.0,100,-10,0,1001,1.00,1.00,1430.00,14.58,17.80,19
92,0.99,2,5.0,100,-10,0,1001,0.71,0.33,1470.00,14.62,18.10,19
93,0.99,2,5.0,100,-10,0,1001,0.83,1.00,1000.00,14.64,17.70,16
94,0.99,2,5.0,100,-10,0,1001,1.00,0.50,1210.00,14.67,17.80,18
95,0.99,2,5.0,100,-10,0,1001,0.83,1.00,1200.00,14.71,17.70,18
96,0.99,2,5.0,100,-10,0,1001,0.83,1.00,1020.00,14.72,17.70,16
97,0.99,2,5.0,100,-10,0,1001,0.83,1.00,1250.00,14.76,17.80,18
98,0.99,2,5.0,100,-10,0,1001,0.62,0.50,1070.00,14.78,17.80,17
99,0.99,2,5.0,100,-10,0,1001,0.83,0.33,1260.00,14.81,17.70,18
100,0.99,2,5.0,100,-10,0,1001,0.83,0.50,1410.00,14.85,17.80,19
101,0.99,2,5.0,100,-10,0,1001,1.00,1.00,1250.00,14.88,17.70,18
102,0.99,2,5.0,100,-10,0,1001,0.83,1.00,1370.00,14.92,17.70,19
103,0.99,2,5.0,100,-10,0,1001,0.71,0.50, 820.00,14.94,17.80,17
104,0.99,2,5.0,100,-10,0,1001,1.00,1.00,1050.00,14.96,17.70,17
105,0.99,2,5.0,100,-10,0,1001,0.71,0.33,1490.00,15.01,17.90,20
106,0.99,2,5.0,100,-10,0,1001,1.00,1.00,1510.00,15.06,18.30,20
107,0.99,2,5.0,100,-10,0,1001,0.71,1.00,1330.00,15.08,18.30,18
108,0.99,2,5.0,100,-10,0,1001,0.62,1.00,1220.00,15.11,18.40,18
109,0.99,2,5.0,100,-10,0,1001,1.00,1.00,1560.00,15.15,18.60,20
110,0.99,2,5.0,100,-10,0,1001,0.83,1.00,1400.00,15.19,18.60,19
111,0.99,2,5.0,100,-10,0,1001,0.83,1.00,1360.00,15.22,18.70,19
112,0.99,2,5.0,100,-10,0,1001,1.00,0.50,1100.00,15.25,18.60,18
113,0.99,2,5.0,100,-10,0,1001,0.56,0.33,1720.00,15.30,19.00,21
114,0.99,2,5.0,100,-10,0,1001,0.83,0.50, 900.00,15.30,18.90,16
115,0.99,2,5.0,100,-10,0,1001,0.62,0.33,1280.00,15.33,18.70,18
116,0.99,2,5.0,100,-10,0,1001,0.71,1.00,1240.00,15.35,18.50,18
117,0.99,2,5.0,100,-10,0,1001,0.56,0.50,1540.00,15.39,18.70,20
118,0.99,2,5.0,100,-10,0,1001,0.83,1.00,1550.00,15.43,18.90,20
119,0.99,2,5.0,100,-10,0,1001,0.71,0.33,1150.00,15.44,18.60,17
120,0.99,2,5.0,100,-10,0,1001,0.71,0.25, 910.00,15.45,18.30,16
121,0.99,2,5.0,100,-10,0,1001,0.71,1.00,1620.00,15.49,18.50,21
122,0.99,2,5.0,100,-10,0,1001,0.71,0.50,1760.00,15.54,18.80,21
123,0.99,2,5.0,100,-10,0,1001,0.62,0.33,1320.00,15.56,18.60,19
124,0.99,2,5.0,100,-10,0,1001,0.56,0.50, 830.00,15.56,18.50,15
125,0.99,2,5.0,100,-10,0,1001,0.56,0.25, 950.00,15.56,18.30,16
126,0.99,2,5.0,100,-10,0,1001,0.56,0.25,1440.00,15.60,18.50,20
127,0.99,2,5.0,100,-10,0,1001,0.83,1.00,1230.00,15.62,18.30,18
128,0.99,2,5.0,100,-10,0,1001,0.83,0.50, 980.00,15.63,18.00,17
129,0.99,2,5.0,100,-10,0,1001,0.71,0.50,1440.00,15.65,18.20,19
130,0.99,2,5.0,100,-10,0,1001,0.83,0.50, 920.00,15.66,18.20,16
131,0.99,2,5.0,100,-10,0,1001,0.50,0.33,1450.00,15.68,18.00,19
132,0.99,2,5.0,100,-10,0,1001,1.00,1.00,1120.00,15.69,17.60,17
133,0.99,2,5.0,100,-10,0,1001,0.50,0.50,1350.00,15.72,17.60,19
134,0.99,2,5.0,100,-10,0,1001,0.62,0.50,1450.00,15.75,18.10,20
135,0.99,2,5.0,100,-10,0,1001,1.00,1.00, 980.00,15.75,18.10,16
136,0.99,2,5.0,100,-10,0,1001,1.00,0.33,1330.00,15.77,18.00,19
137,0.99,2,5.0,100,-10,0,1001,0.50,0.25,1210.00,15.78,17.90,17
138,0.99,2,5.0,100,-10,0,1001,0.45,1.00,1180.00,15.80,18.00,18
139,0.99,2,5.0,100,-10,0,1001,1.00,1.00, 980.00,15.81,17.80,17
140,0.99,2,5.0,100,-10,0,1001,1.00,1.00,1130.00,15.82,18.00,18
141,0.99,2,5.0,100,-10,0,1001,0.62,1.00,1590.00,15.86,18.20,21
142,0.99,2,5.0,100,-10,0,1001,0.83,0.50,1530.00,15.89,18.50,20
143,0.99,2,5.0,100,-10,0,1001,0.71,0.50,1150.00,15.90,18.30,17
144,0.99,2,5.0,100,-10,0,1001,0.45,0.17,1310.00,15.91,18.10,18
145,0.99,2,5.0,100,-10,0,1001,0.62,0.33,1160.00,15.92,18.30,18
146,0.99,2,5.0,100,-10,0,1001,0.83,0.33,1040.00,15.93,18.10,17
147,0.99,2,5.0,100,-10,0,1001,1.00,1.00,1330.00,15.95,18.20,18
148,0.99,2,5.0,100,-10,0,1001,0.83,1.00,1590.00,15.97,18.40,20
149,0.99,2,5.0,100,-10,0,1001,0.71,1.00,1630.00,16.00,18.70,20
150,0.99,2,5.0,100,-10,0,1001,0.56,1.00, 710.00,15.99,18.40,15
151,0.99,2,5.0,100,-10,0,1001,0.42,0.33,1590.00,16.03,18.40,21
152,0.99,2,5.0,100,-10,0,1001,1.00,1.00,1410.00,16.05,18.30,19
153,0.99,2,5.0,100,-10,0,1001,0.62,0.50,1610.00,16.07,18.60,20
154,0.99,2,5.0,100,-10,0,1001,0.62,1.00,1310.00,16.08,18.60,18
155,0.99,2,5.0,100,-10,0,1001,0.56,0.17,1370.00,16.10,18.70,19
156,0.99,2,5.0,100,-10,0,1001,1.00,1.00,1130.00,16.11,18.70,17
157,0.99,2,5.0,100,-10,0,1001,0.62,0.25,1360.00,16.13,18.80,19
158,0.99,2,5.0,100,-10,0,1001,1.00,1.00,1450.00,16.14,18.70,19
159,0.99,2,5.0,100,-10,0,1001,0.71,1.00,1250.00,16.16,18.60,19
160,0.99,2,5.0,100,-10,0,1001,0.50,1.00,1220.00,16.17,18.90,18
161,0.99,2,5.0,100,-10,0,1001,1.00,1.00,1630.00,16.20,18.80,20
162,0.99,2,5.0,100,-10,0,1001,1.00,1.00,1200.00,16.21,18.80,19
163,0.99,2,5.0,100,-10,0,1001,0.56,1.00,1420.00,16.23,18.70,19
164,0.99,2,5.0,100,-10,0,1001,0.56,1.00,1210.00,16.24,18.70,18
165,0.99,2,5.0,100,-10,0,1001,0.71,1.00,1010.00,16.24,18.40,16
166,0.99,2,5.0,100,-10,0,1001,0.42,0.14,1070.00,16.25,18.40,17
167,0.99,2,5.0,100,-10,0,1001,0.56,1.00,1520.00,16.27,18.50,20
168,0.99,2,5.0,100,-10,0,1001,0.71,0.50,1080.00,16.27,18.30,17
169,0.99,2,5.0,100,-10,0,1001,1.00,0.33,1510.00,16.29,18.40,20
170,0.99,2,5.0,100,-10,0,1001,0.71,0.50,1240.00,16.30,18.40,18
171,0.99,2,5.0,100,-10,0,1001,0.83,1.00,1340.00,16.32,18.30,19
172,0.99,2,5.0,100,-10,0,1001,0.38,0.33,1000.00,16.33,18.20,18
173,0.99,2,5.0,100,-10,0,1001,0.83,1.00,1160.00,16.34,18.10,18
174,0.99,2,5.0,100,-10,0,1001,1.00,0.50,1390.00,16.36,18.30,20
175,0.99,2,5.0,100,-10,0,1001,1.00,0.50,1450.00,16.38,18.60,19
176,0.99,2,5.0,100,-10,0,1001,1.00,1.00,1390.00,16.39,18.80,19
177,0.99,2,5.0,100,-10,0,1001,0.62,0.50,1450.00,16.42,18.90,21
178,0.99,2,5.0,100,-10,0,1001,0.50,0.50,1510.00,16.44,19.20,20
179,0.99,2,5.0,100,-10,0,1001,0.83,1.00,1160.00,16.44,19.00,18
180,0.99,2,5.0,100,-10,0,1001,0.45,1.00,1090.00,16.45,18.90,17
181,0.99,2,5.0,100,-10,0,1001,0.83,1.00,1110.00,16.46,18.80,18
182,0.99,2,5.0,100,-10,0,1001,0.83,0.50,1760.00,16.49,19.20,22
183,0.99,2,5.0,100,-10,0,1001,1.00,1.00,1160.00,16.49,19.10,17
184,0.99,2,5.0,100,-10,0,1001,0.50,0.20,1400.00,16.50,19.00,19
185,0.99,2,5.0,100,-10,0,1001,0.50,0.33,1620.00,16.52,19.10,20
186,0.99,2,5.0,100,-10,0,1001,1.00,1.00,1090.00,16.52,18.90,17
187,0.99,2,5.0,100,-10,0,1001,0.45,0.14,1090.00,16.53,18.60,18
188,0.99,2,5.0,100,-10,0,1001,0.71,1.00,1230.00,16.54,18.40,18
189,0.99,2,5.0,100,-10,0,1001,0.71,0.33,1150.00,16.54,18.30,17
190,0.99,2,5.0,100,-10,0,1001,0.83,1.00,1720.00,16.57,18.80,22
191,0.99,2,5.0,100,-10,0,1001,0.38,0.25,1210.00,16.58,18.80,18
192,0.99,2,5.0,100,-10,0,1001,0.56,0.25,1550.00,16.60,18.60,20
193,0.99,2,5.0,100,-10,0,1001,0.71,1.00,1350.00,16.61,18.90,20
194,0.99,2,5.0,100,-10,0,1001,1.00,0.50,1160.00,16.63,18.90,19
195,0.99,2,5.0,100,-10,0,1001,0.45,0.50,1270.00,16.64,18.80,19
196,0.99,2,5.0,100,-10,0,1001,1.00,0.50,1280.00,16.64,18.90,18
197,0.99,2,5.0,100,-10,0,1001,0.83,0.50,1410.00,16.66,19.00,19
198,0.99,2,5.0,100,-10,0,1001,0.71,0.50,1230.00,16.66,19.00,18
199,0.99,2,5.0,100,-10,0,1001,0.71,0.50,1460.00,16.68,19.30,20
200,0.99,2,5.0,100,-10,0,1001,0.71,0.50,1340.00,16.69,19.00,19
201,0.99,2,5.0,100,-10,0,1001,0.36,0.17,1300.00,16.70,19.00,18
202,0.99,2,5.0,100,-10,0,1001,0.56,0.20,1320.00,16.71,18.90,19
203,0.99,2,5.0,100,-10,0,1001,0.83,0.50,1410.00,16.72,18.80,19
204,0.99,2,5.0,100,-10,0,1001,0.50,0.17,1190.00,16.73,18.70,18
205,0.99,2,5.0,100,-10,0,1001,0.36,0.33,1430.00,16.74,18.80,20
206,0.99,2,5.0,100,-10,0,1001,0.42,0.33,1460.00,16.75,18.90,19
207,0.99,2,5.0,100,-10,0,1001,0.62,0.50,1350.00,16.76,18.90,19
208,0.99,2,5.0,100,-10,0,1001,0.62,0.33,1170.00,16.78,19.00,19
209,0.99,2,5.0,100,-10,0,1001,0.56,0.50,1380.00,16.79,19.00,20
210,0.99,2,5.0,100,-10,0,1001,0.83,1.00,1470.00,16.80,19.00,19
211,0.99,2,5.0,100,-10,0,1001,0.42,0.33,1260.00,16.81,19.10,19
212,0.99,2,5.0,100,-10,0,1001,0.62,0.25,1010.00,16.81,18.90,17
213,0.99,2,5.0,100,-10,0,1001,0.71,0.50,1380.00,16.82,18.90,19
214,0.99,2,5.0,100,-10,0,1001,0.62,0.25,1290.00,16.83,19.00,19
215,0.99,2,5.0,100,-10,0,1001,0.83,1.00,1430.00,16.84,18.90,19
216,0.99,2,5.0,100,-10,0,1001,0.71,1.00,1240.00,16.85,18.80,18
217,0.99,2,5.0,100,-10,0,1001,0.50,0.33,1560.00,16.86,18.90,20
218,0.99,2,5.0,100,-10,0,1001,0.45,0.25,1310.00,16.87,18.80,18
219,0.99,2,5.0,100,-10,0,1001,0.45,0.50,1390.00,16.88,18.70,19
220,0.99,2,5.0,100,-10,0,1001,0.45,0.33,1380.00,16.89,18.70,19
221,0.99,2,5.0,100,-10,0,1001,0.50,0.50,1330.00,16.90,18.70,19
222,0.99,2,5.0,100,-10,0,1001,0.33,0.25,1310.00,16.90,18.80,18
223,0.99,2,5.0,100,-10,0,1001,0.42,0.14,1330.00,16.91,18.80,19
224,0.99,2,5.0,100,-10,0,1001,0.31,0.20,1270.00,16.92,18.70,18
225,0.99,2,5.0,100,-10,0,1001,0.33,0.50,1310.00,16.92,18.70,19
226,0.99,2,5.0,100,-10,0,1001,0.71,0.50,1340.00,16.93,18.80,19
227,0.99,2,5.0,100,-10,0,1001,0.56,0.50,1710.00,16.95,18.90,21
228,0.99,2,5.0,100,-10,0,1001,0.50,0.33,1160.00,16.96,18.90,18
229,0.99,2,5.0,100,-10,0,1001,0.50,0.25,1140.00,16.96,18.80,18
230,0.99,2,5.0,100,-10,0,1001,0.62,0.50,1260.00,16.97,18.80,19
231,0.99,2,5.0,100,-10,0,1001,0.62,0.33,1190.00,16.97,18.70,18
232,0.99,2,5.0,100,-10,0,1001,0.36,0.12,1280.00,16.98,18.80,19
233,0.99,2,5.0,100,-10,0,1001,0.83,1.00,1560.00,17.00,18.90,20
234,0.99,2,5.0,100,-10,0,1001,0.42,0.33,1500.00,17.01,19.10,20
235,0.99,2,5.0,100,-10,0,1001,0.42,0.20,1170.00,17.01,19.00,18
236,0.99,2,5.0,100,-10,0,1001,0.45,1.00,1260.00,17.02,18.90,18
237,0.99,2,5.0,100,-10,0,1001,0.42,0.33,1220.00,17.02,18.60,18
238,0.99,2,5.0,100,-10,0,1001,1.00,1.00,1660.00,17.04,18.90,21
239,0.99,2,5.0,100,-10,0,1001,0.56,0.50,1390.00,17.05,19.00,19
240,0.99,2,5.0,100,-10,0,1001,0.62,0.50,1270.00,17.05,18.90,18
241,0.99,2,5.0,100,-10,0,1001,0.62,0.50,1680.00,17.07,19.20,21
242,0.99,2,5.0,100,-10,0,1001,0.38,0.17,1290.00,17.07,19.20,19
243,0.99,2,5.0,100,-10,0,1001,0.50,0.50,1410.00,17.09,19.20,20
244,0.99,2,5.0,100,-10,0,1001,0.36,0.14,1430.00,17.09,19.10,19
245,0.99,2,5.0,100,-10,0,1001,1.00,1.00,1550.00,17.11,19.30,20
246,0.99,2,5.0,100,-10,0,1001,0.83,0.33,1020.00,17.11,19.20,17
247,0.99,2,5.0,100,-10,0,1001,0.38,0.25,1300.00,17.11,19.30,19
248,0.99,2,5.0,100,-10,0,1001,0.56,1.00,1300.00,17.12,19.10,19
249,0.99,2,5.0,100,-10,0,1001,0.36,0.20,1490.00,17.13,19.20,20
250,0.99,2,5.0,100,-10,0,1001,0.42,0.25,1320.00,17.14,19.30,19
251,0.99,2,5.0,100,-10,0,1001,0.45,0.33,1260.00,17.15,19.10,19
252,0.99,2,5.0,100,-10,0,1001,0.42,0.25,1460.00,17.16,19.20,20
253,0.99,2,5.0,100,-10,0,1001,0.38,0.33,1640.00,17.17,19.20,20
254,0.99,2,5.0,100,-10,0,1001,0.71,0.33,1480.00,17.18,19.30,20
255,0.99,2,5.0,100,-10,0,1001,0.71,0.50,1460.00,17.19,19.30,20
256,0.99,2,5.0,100,-10,0,1001,0.31,0.50,1660.00,17.21,19.70,21
257,0.99,2,5.0,100,-10,0,1001,0.56,0.33,1560.00,17.22,19.80,20
258,0.99,2,5.0,100,-10,0,1001,0.38,0.20,1670.00,17.24,20.10,22
259,0.99,2,5.0,100,-10,0,1001,0.33,0.17,1830.00,17.25,20.20,21
260,0.99,2,5.0,100,-10,0,1001,0.29,0.12,1340.00,17.26,20.30,20
261,0.99,2,5.0,100,-10,0,1001,0.71,0.50,1230.00,17.27,20.30,19
262,0.99,2,5.0,100,-10,0,1001,0.71,1.00,1660.00,17.28,20.40,21
263,0.99,2,5.0,100,-10,0,1001,0.31,0.20,1210.00,17.28,20.20,18
264,0.99,2,5.0,100,-10,0,1001,0.28,0.33,1530.00,17.30,20.30,21
265,0.99,2,5.0,100,-10,0,1001,0.56,1.00,1410.00,17.30,20.20,19
266,0.99,2,5.0,100,-10,0,1001,0.29,0.17,1550.00,17.31,20.10,20
267,0.99,2,5.0,100,-10,0,1001,0.36,0.25,1540.00,17.32,20.10,20
268,0.99,2,5.0,100,-10,0,1001,0.38,0.14,1060.00,17.32,19.60,17
269,0.99,2,5.0,100,-10,0,1001,0.33,0.08,1510.00,17.33,19.50,20
270,0.99,2,5.0,100,-10,0,1001,0.62,0.33,1700.00,17.35,19.60,21
271,0.99,2,5.0,100,-10,0,1001,0.50,1.00,1520.00,17.36,19.70,20
272,0.99,2,5.0,100,-10,0,1001,0.71,0.50,1180.00,17.36,19.40,18
273,0.99,2,5.0,100,-10,0,1001,0.45,0.33,1310.00,17.36,19.50,19
274,0.99,2,5.0,100,-10,0,1001,0.36,0.17,1020.00,17.36,19.10,17
275,0.99,2,5.0,100,-10,0,1001,0.28,0.12,1720.00,17.38,19.40,22
276,0.99,2,5.0,100,-10,0,1001,0.56,0.20,1260.00,17.39,19.30,19
277,0.99,2,5.0,100,-10,0,1001,0.83,0.50,1230.00,17.39,19.10,18
278,0.99,2,5.0,100,-10,0,1001,0.29,0.14,1310.00,17.39,19.30,19
279,0.99,2,5.0,100,-10,0,1001,0.38,0.25,1400.00,17.40,19.30,20
280,0.99,2,5.0,100,-10,0,1001,0.36,0.20,1430.00,17.41,19.20,20
281,0.99,2,5.0,100,-10,0,1001,0.56,1.00,1650.00,17.43,19.30,21
282,0.99,2,5.0,100,-10,0,1001,0.26,0.25,1820.00,17.44,19.70,22
283,0.99,2,5.0,100,-10,0,1001,0.42,1.00,1640.00,17.45,19.90,21
284,0.99,2,5.0,100,-10,0,1001,0.45,0.14,1710.00,17.47,20.40,22
285,0.99,2,5.0,100,-10,0,1001,0.56,1.00,1400.00,17.48,20.20,20
286,0.99,2,5.0,100,-10,0,1001,0.62,1.00,1630.00,17.49,20.30,20
287,0.99,2,5.0,100,-10,0,1001,0.33,0.33,1770.00,17.50,20.60,21
288,0.99,2,5.0,100,-10,0,1001,0.33,0.08,1590.00,17.51,20.70,20
289,0.99,2,5.0,100,-10,0,1001,0.50,0.33,1560.00,17.52,20.80,21
290,0.99,2,5.0,100,-10,0,1001,0.28,0.25,1490.00,17.53,20.80,20
291,0.99,2,5.0,100,-10,0,1001,0.25,0.33,1950.00,17.55,21.00,23
292,0.99,2,5.0,100,-10,0,1001,0.42,0.12,1710.00,17.56,20.90,21
293,0.99,2,5.0,100,-10,0,1001,0.24,0.25,1430.00,17.57,20.80,20
294,0.99,2,5.0,100,-10,0,1001,0.31,0.20,1140.00,17.57,20.40,18
295,0.99,2,5.0,100,-10,0,1001,0.38,0.20,1250.00,17.57,20.20,18
296,0.99,2,5.0,100,-10,0,1001,0.42,0.25,1570.00,17.58,20.30,21
297,0.99,2,5.0,100,-10,0,1001,0.83,1.00,1880.00,17.60,20.50,23
298,0.99,2,5.0,100,-10,0,1001,0.26,0.33,1560.00,17.61,20.60,21
299,0.99,2,5.0,100,-10,0,1001,0.33,0.17,1670.00,17.62,20.60,21
300,0.99,2,5.0,100,-10,0,1001,0.38,0.50,1300.00,17.63,20.50,19
301,0.99,2,5.0,100,-10,0,1001,0.25,0.11,1560.00,17.64,20.30,21
302,0.99,2,5.0,100,-10,0,1001,0.24,0.10,1410.00,17.64,20.10,19
303,0.99,2,5.0,100,-10,0,1001,0.36,0.50,1420.00,17.65,20.10,20
304,0.99,2,5.0,100,-10,0,1001,1.00,0.50,1550.00,17.66,20.40,21
305,0.99,2,5.0,100,-10,0,1001,0.50,0.17,1520.00,17.67,20.60,20
306,0.99,2,5.0,100,-10,0,1001,1.00,0.50,1090.00,17.67,20.30,18
307,0.99,2,5.0,100,-10,0,1001,0.50,1.00,1320.00,17.68,19.90,19
308,0.99,2,5.0,100,-10,0,1001,0.50,0.07,1200.00,17.68,19.70,19
309,0.99,2,5.0,100,-10,0,1001,0.71,1.00,1920.00,17.70,19.90,23
310,0.99,2,5.0,100,-10,0,1001,1.00,1.00,1190.00,17.70,19.80,18
311,0.99,2,5.0,100,-10,0,1001,0.33,1.00,1960.00,17.72,20.10,24
312,0.99,2,5.0,100,-10,0,1001,0.62,0.17,1480.00,17.73,20.20,20
313,0.99,2,5.0,100,-10,0,1001,0.83,0.50,1640.00,17.74,20.30,21
314,0.99,2,5.0,100,-10,0,1001,0.62,1.00,1470.00,17.74,20.10,19
315,0.99,2,5.0,100,-10,0,1001,0.23,0.12,1590.00,17.75,20.20,21
316,0.99,2,5.0,100,-10,0,1001,0.31,0.33,1250.00,17.75,20.30,19
317,0.99,2,5.0,100,-10,0,1001,0.26,0.14,1150.00,17.75,20.20,18
318,0.99,2,5.0,100,-10,0,1001,0.29,0.17,1840.00,17.77,20.50,22
319,0.99,2,5.0,100,-10,0,1001,0.31,0.10,1330.00,17.77,20.00,18
320,0.99,2,5.0,100,-10,0,1001,0.62,0.33,1660.00,17.78,20.30,21
321,0.99,2,5.0,100,-10,0,1001,0.28,0.14,1300.00,17.78,19.70,18
322,0.99,2,5.0,100,-10,0,1001,0.29,0.25,1680.00,17.79,19.80,21
323,0.99,2,5.0,100,-10,0,1001,0.62,0.25,1530.00,17.80,19.70,20
324,0.99,2,5.0,100,-10,0,1001,0.83,0.50,1690.00,17.81,19.90,21
325,0.99,2,5.0,100,-10,0,1001,0.83,0.25,1430.00,17.81,19.80,20
326,0.99,2,5.0,100,-10,0,1001,0.33,0.33,1500.00,17.82,19.90,20
327,0.99,2,5.0,100,-10,0,1001,0.26,0.12,1790.00,17.83,20.30,22
328,0.99,2,5.0,100,-10,0,1001,0.38,0.11,1560.00,17.84,20.10,20
329,0.99,2,5.0,100,-10,0,1001,0.25,0.11,1690.00,17.85,20.50,22
330,0.99,2,5.0,100,-10,0,1001,0.56,0.25,1370.00,17.85,20.30,19
331,0.99,2,5.0,100,-10,0,1001,0.28,0.50,1510.00,17.86,20.50,20
332,0.99,2,5.0,100,-10,0,1001,0.23,0.11,1800.00,17.87,20.60,22
333,0.99,2,5.0,100,-10,0,1001,0.38,0.50,1490.00,17.88,20.60,20
334,0.99,2,5.0,100,-10,0,1001,0.26,0.25,1710.00,17.89,20.70,22
335,0.99,2,5.0,100,-10,0,1001,1.00,0.20,1610.00,17.90,20.80,21
336,0.99,2,5.0,100,-10,0,1001,0.22,0.10,1800.00,17.91,21.00,22
337,0.99,2,5.0,100,-10,0,1001,0.62,0.25,1240.00,17.91,20.60,18
338,0.99,2,5.0,100,-10,0,1001,0.36,0.33,1770.00,17.93,20.80,22
339,0.99,2,5.0,100,-10,0,1001,0.25,0.20,1550.00,17.94,20.70,21
340,0.99,2,5.0,100,-10,0,1001,0.62,0.20,1410.00,17.94,20.80,20
341,0.99,2,5.0,100,-10,0,1001,0.56,0.25,1520.00,17.95,20.80,20
342,0.99,2,5.0,100,-10,0,1001,0.83,0.33,1450.00,17.95,20.50,19
343,0.99,2,5.0,100,-10,0,1001,0.21,0.17,1260.00,17.95,20.40,19
344,0.99,2,5.0,100,-10,0,1001,0.56,0.14,1530.00,17.96,20.20,20
345,0.99,2,5.0,100,-10,0,1001,0.56,1.00,1670.00,17.97,20.30,22
346,0.99,2,5.0,100,-10,0,1001,0.56,0.17,1880.00,17.98,20.30,22
347,0.99,2,5.0,100,-10,0,1001,0.26,0.20,1740.00,17.99,20.60,21
348,0.99,2,5.0,100,-10,0,1001,0.50,1.00,1540.00,18.00,20.40,20
349,0.99,2,5.0,100,-10,0,1001,0.38,0.14,1530.00,18.01,20.40,21
350,0.99,2,5.0,100,-10,0,1001,0.24,0.33,1890.00,18.02,20.60,22
351,0.99,2,5.0,100,-10,0,1001,0.23,0.14,1240.00,18.02,20.60,20
352,0.99,2,5.0,100,-10,0,1001,0.83,0.50,1650.00,18.03,20.80,21
353,0.99,2,5.0,100,-10,0,1001,0.83,1.00,1570.00,18.04,21.00,21
354,0.99,2,5.0,100,-10,0,1001,0.45,1.00,1700.00,18.05,21.20,22
355,0.99,2,5.0,100,-10,0,1001,0.83,1.00,1500.00,18.06,21.00,20
356,0.99,2,5.0,100,-10,0,1001,0.45,0.25,1160.00,18.06,20.60,18
357,0.99,2,5.0,100,-10,0,1001,0.83,1.00,1770.00,18.07,20.70,22
358,0.99,2,5.0,100,-10,0,1001,0.42,0.20,1600.00,18.07,20.70,20
359,0.99,2,5.0,100,-10,0,1001,0.71,0.25,1830.00,18.08,20.80,22
360,0.99,2,5.0,100,-10,0,1001,0.50,0.50,1870.00,18.10,20.90,23
361,0.99,2,5.0,100,-10,0,1001,0.22,0.17,1720.00,18.11,21.10,22
362,0.99,2,5.0,100,-10,0,1001,0.21,0.12,1610.00,18.12,21.10,21
363,0.99,2,5.0,100,-10,0,1001,0.36,0.25,1680.00,18.12,21.10,21
364,0.99,2,5.0,100,-10,0,1001,0.36,0.12,1270.00,18.13,20.90,20
365,0.99,2,5.0,100,-10,0,1001,0.20,0.11,1400.00,18.13,20.90,20
366,0.99,2,5.0,100,-10,0,1001,0.38,0.11,1650.00,18.14,21.20,21
367,0.99,2,5.0,100,-10,0,1001,0.33,0.20,1560.00,18.15,21.00,20
368,0.99,2,5.0,100,-10,0,1001,0.71,1.00,1930.00,18.16,21.30,23
369,0.99,2,5.0,100,-10,0,1001,0.83,0.33,1490.00,18.17,21.20,21
370,0.99,2,5.0,100,-10,0,1001,0.45,0.25,1630.00,18.18,21.00,21
371,0.99,2,5.0,100,-10,0,1001,0.36,0.50,1290.00,18.18,20.80,20
372,0.99,2,5.0,100,-10,0,1001,0.71,0.33,1380.00,18.18,20.60,19
373,0.99,2,5.0,100,-10,0,1001,0.62,0.50,1600.00,18.19,20.60,21
374,0.99,2,5.0,100,-10,0,1001,0.29,0.06,1880.00,18.20,20.80,22
375,0.99,2,5.0,100,-10,0,1001,0.20,0.09,1330.00,18.20,20.80,20
376,0.99,2,5.0,100,-10,0,1001,0.31,0.12,1640.00,18.21,20.80,21
377,0.99,2,5.0,100,-10,0,1001,0.62,0.50,1610.00,18.22,20.90,21
378,0.99,2,5.0,100,-10,0,1001,0.24,0.14,1600.00,18.22,20.60,20
379,0.99,2,5.0,100,-10,0,1001,0.19,0.08,1630.00,18.23,20.60,21
380,0.99,2,5.0,100,-10,0,1001,0.29,0.11,1790.00,18.24,20.70,22
381,0.99,2,5.0,100,-10,0,1001,0.50,0.50,1400.00,18.25,20.70,20
382,0.99,2,5.0,100,-10,0,1001,0.33,0.06,1920.00,18.26,21.10,23
383,0.99,2,5.0,100,-10,0,1001,0.71,1.00,1650.00,18.27,21.10,21
384,0.99,2,5.0,100,-10,0,1001,0.45,0.25,1220.00,18.26,20.70,18
385,0.99,2,5.0,100,-10,0,1001,0.36,0.33,1560.00,18.27,20.80,21
386,0.99,2,5.0,100,-10,0,1001,0.19,0.33,1810.00,18.28,21.00,23
387,0.99,2,5.0,100,-10,0,1001,0.33,0.50,1320.00,18.29,20.90,20
388,0.99,2,5.0,100,-10,0,1001,0.31,0.50,1640.00,18.30,21.00,21
389,0.99,2,5.0,100,-10,0,1001,0.42,0.20,1680.00,18.30,21.00,21
390,0.99,2,5.0,100,-10,0,1001,0.56,1.00,1580.00,18.31,20.90,21
391,0.99,2,5.0,100,-10,0,1001,0.83,0.33,1880.00,18.32,21.10,22
392,0.99,2,5.0,100,-10,0,1001,0.18,0.08,1380.00,18.32,20.80,20
393,0.99,2,5.0,100,-10,0,1001,0.19,0.14,1550.00,18.33,20.80,21
394,0.99,2,5.0,100,-10,0,1001,0.29,0.12,1770.00,18.34,21.20,22
395,0.99,2,5.0,100,-10,0,1001,0.25,0.25,1960.00,18.35,21.50,24
396,0.99,2,5.0,100,-10,0,1001,0.31,0.12,1660.00,18.36,21.30,21
397,0.99,2,5.0,100,-10,0,1001,0.62,0.50,1800.00,18.37,21.50,22
398,0.99,2,5.0,100,-10,0,1001,0.23,0.11,1730.00,18.38,21.60,22
399,0.99,2,5.0,100,-10,0,1001,0.45,1.00,1500.00,18.38,21.40,19
400,0.99,2,5.0,100,-10,0,1001,0.56,0.50,1840.00,18.39,21.50,22
401,0.99,2,5.0,100,-10,0,1001,0.50,0.33,1110.00,18.39,21.10,18
402,0.99,2,5.0,100,-10,0,1001,0.25,0.20,1490.00,18.39,21.10,20
403,0.99,2,5.0,100,-10,0,1001,0.28,0.10,1710.00,18.40,21.10,21
404,0.99,2,5.0,100,-10,0,1001,0.45,0.17,1760.00,18.41,21.10,22
405,0.99,2,5.0,100,-10,0,1001,0.50,0.33,1630.00,18.41,20.80,21
406,0.99,2,5.0,100,-10,0,1001,0.56,0.25,1520.00,18.42,20.70,20
407,0.99,2,5.0,100,-10,0,1001,0.29,0.11,1620.00,18.42,20.60,21
408,0.99,2,5.0,100,-10,0,1001,0.24,0.12,1770.00,18.43,20.50,21
409,0.99,2,5.0,100,-10,0,1001,0.45,0.50,1740.00,18.44,20.70,21
410,0.99,2,5.0,100,-10,0,1001,0.56,0.14,1790.00,18.45,20.70,22
411,0.99,2,5.0,100,-10,0,1001,0.17,0.07,1990.00,18.46,21.20,23
412,0.99,2,5.0,100,-10,0,1001,0.83,1.00,1570.00,18.46,21.30,21
413,0.99,2,5.0,100,-10,0,1001,0.50,0.09,1170.00,18.46,21.10,19
414,0.99,2,5.0,100,-10,0,1001,0.56,0.50,1780.00,18.47,21.10,22
415,0.99,2,5.0,100,-10,0,1001,0.71,0.33,1690.00,18.48,21.20,22
416,0.99,2,5.0,100,-10,0,1001,0.19,0.20,1450.00,18.48,21.20,20
417,0.99,2,5.0,100,-10,0,1001,0.50,0.33,1440.00,18.49,21.10,20
418,0.99,2,5.0,100,-10,0,1001,0.50,0.20,1900.00,18.50,21.30,23
419,0.99,2,5.0,100,-10,0,1001,0.33,0.11,1540.00,18.50,21.20,20
420,0.99,2,5.0,100,-10,0,1001,0.71,0.50,1730.00,18.51,21.10,21
421,0.99,2,5.0,100,-10,0,1001,0.45,0.25,1770.00,18.52,21.10,23
422,0.99,2,5.0,100,-10,0,1001,0.56,0.25,1770.00,18.53,21.20,22
423,0.99,2,5.0,100,-10,0,1001,0.22,0.10,1820.00,18.54,21.60,23
424,0.99,2,5.0,100,-10,0,1001,0.42,0.25,1700.00,18.54,21.50,21
425,0.99,2,5.0,100,-10,0,1001,0.62,1.00,2070.00,18.56,21.70,24
426,0.99,2,5.0,100,-10,0,1001,0.56,0.20,1720.00,18.56,21.80,21
427,0.99,2,5.0,100,-10,0,1001,0.38,0.20,1470.00,18.57,21.80,20
428,0.99,2,5.0,100,-10,0,1001,0.42,0.17,2110.00,18.58,21.80,23
429,0.99,2,5.0,100,-10,0,1001,0.42,0.50,1880.00,18.59,22.10,23
430,0.99,2,5.0,100,-10,0,1001,0.17,0.20,1640.00,18.59,22.10,21
431,0.99,2,5.0,100,-10,0,1001,0.38,0.50,1720.00,18.60,22.00,22
432,0.99,2,5.0,100,-10,0,1001,0.62,1.00,1780.00,18.61,22.10,23
433,0.99,2,5.0,100,-10,0,1001,0.56,0.50,1560.00,18.62,21.90,21
434,0.99,2,5.0,100,-10,0,1001,0.26,0.08,1680.00,18.62,22.00,22
435,0.99,2,5.0,100,-10,0,1001,0.38,0.17,1590.00,18.63,21.70,21
436,0.99,2,5.0,100,-10,0,1001,0.18,0.10,1850.00,18.64,21.80,22
437,0.99,2,5.0,100,-10,0,1001,0.28,0.25,1870.00,18.64,22.00,22
438,0.99,2,5.0,100,-10,0,1001,0.16,0.07,1410.00,18.64,21.60,19
439,0.99,2,5.0,100,-10,0,1001,1.00,0.50,1450.00,18.65,21.30,20
440,0.99,2,5.0,100,-10,0,1001,0.25,0.17,1320.00,18.65,21.10,19
441,0.99,2,5.0,100,-10,0,1001,0.71,1.00,1780.00,18.66,21.10,22
442,0.99,2,5.0,100,-10,0,1001,0.45,0.20,2080.00,18.67,21.20,24
443,0.99,2,5.0,100,-10,0,1001,0.24,0.14,1960.00,18.68,21.40,23
444,0.99,2,5.0,100,-10,0,1001,0.23,0.12,1880.00,18.69,21.50,23
445,0.99,2,5.0,100,-10,0,1001,0.83,0.50,2020.00,18.70,21.80,24
446,0.99,2,5.0,100,-10,0,1001,0.83,0.50,1850.00,18.71,21.90,23
447,0.99,2,5.0,100,-10,0,1001,0.45,0.50,1870.00,18.72,22.00,23
448,0.99,2,5.0,100,-10,0,1001,0.17,0.25,1630.00,18.72,22.20,21
449,0.99,2,5.0,100,-10,0,1001,0.36,0.11,1510.00,18.73,22.20,20
450,0.99,2,5.0,100,-10,0,1001,0.42,0.20,1950.00,18.74,22.60,23
451,0.99,2,5.0,100,-10,0,1001,0.38,0.50,1720.00,18.74,22.60,22
452,0.99,2,5.0,100,-10,0,1001,0.16,0.12,1720.00,18.75,22.40,22
453,0.99,2,5.0,100,-10,0,1001,0.22,0.33,1970.00,18.76,22.40,23
454,0.99,2,5.0,100,-10,0,1001,0.71,0.33,1740.00,18.77,22.30,22
455,0.99,2,5.0,100,-10,0,1001,0.21,0.11,1760.00,18.77,22.10,22
456,0.99,2,5.0,100,-10,0,1001,0.36,0.12,1800.00,18.78,22.10,23
457,0.99,2,5.0,100,-10,0,1001,0.56,0.50,2080.00,18.79,22.20,24
458,0.99,2,5.0,100,-10,0,1001,0.83,0.33,1840.00,18.80,22.30,22
459,0.99,2,5.0,100,-10,0,1001,0.71,1.00,1980.00,18.81,22.60,23
460,0.99,2,5.0,100,-10,0,1001,0.42,0.33,1650.00,18.82,22.40,21
461,0.99,2,5.0,100,-10,0,1001,0.36,0.50,1620.00,18.82,22.30,21
462,0.99,2,5.0,100,-10,0,1001,0.36,0.14,1750.00,18.83,22.30,22
463,0.99,2,5.0,100,-10,0,1001,0.50,0.33,1680.00,18.83,22.20,22
464,0.99,2,5.0,100,-10,0,1001,0.33,0.20,2020.00,18.84,22.30,23
465,0.99,2,5.0,100,-10,0,1001,0.17,0.11,1520.00,18.85,22.20,21
466,0.99,2,5.0,100,-10,0,1001,0.24,0.14,1720.00,18.85,22.00,21
467,0.99,2,5.0,100,-10,0,1001,0.71,1.00,1540.00,18.85,21.60,20
468,0.99,2,5.0,100,-10,0,1001,0.28,0.09,2050.00,18.87,21.80,24
469,0.99,2,5.0,100,-10,0,1001,0.20,0.17,1840.00,18.87,21.80,23
470,0.99,2,5.0,100,-10,0,1001,0.31,0.10,1920.00,18.88,22.00,23
471,0.99,2,5.0,100,-10,0,1001,0.62,1.00,1890.00,18.89,22.20,23
472,0.99,2,5.0,100,-10,0,1001,0.31,0.25,1730.00,18.90,22.20,22
473,0.99,2,5.0,100,-10,0,1001,0.45,0.25,1690.00,18.90,22.10,21
474,0.99,2,5.0,100,-10,0,1001,0.71,0.33,1490.00,18.91,21.80,20
475,0.99,2,5.0,100,-10,0,1001,0.19,0.10,1720.00,18.91,21.90,22
476,0.99,2,5.0,100,-10,0,1001,0.45,0.33,1900.00,18.92,22.10,23
477,0.99,2,5.0,100,-10,0,1001,0.56,0.25,1510.00,18.92,22.20,21
478,0.99,2,5.0,100,-10,0,1001,1.00,0.50,1900.00,18.93,22.10,23
479,0.99,2,5.0,100,-10,0,1001,0.19,1.00,2060.00,18.94,22.20,24
480,0.99,2,5.0,100,-10,0,1001,0.71,0.17,1860.00,18.95,22.20,23
481,0.99,2,5.0,100,-10,0,1001,0.62,1.00,2060.00,18.96,22.30,24
482,0.99,2,5.0,100,-10,0,1001,0.26,0.25,1790.00,18.97,22.30,22
483,0.99,2,5.0,100,-10,0,1001,0.18,0.50,1820.00,18.98,22.40,22
484,0.99,2,5.0,100,-10,0,1001,0.23,0.12,1540.00,18.98,22.40,20
485,0.99,2,5.0,100,-10,0,1001,0.42,0.14,1840.00,18.98,22.40,22
486,0.99,2,5.0,100,-10,0,1001,0.56,0.33,2030.00,18.99,22.50,24
487,0.99,2,5.0,100,-10,0,1001,0.17,0.33,1520.00,19.00,22.50,21
488,0.99,2,5.0,100,-10,0,1001,0.33,0.17,1960.00,19.01,22.50,23
489,0.99,2,5.0,100,-10,0,1001,0.38,0.25,1740.00,19.01,22.30,22
490,0.99,2,5.0,100,-10,0,1001,0.33,0.33,1830.00,19.02,22.30,23
491,0.99,2,5.0,100,-10,0,1001,0.42,0.33,1650.00,19.02,22.00,21
492,0.99,2,5.0,100,-10,0,1001,0.38,0.50,1990.00,19.03,22.10,23
493,0.99,2,5.0,100,-10,0,1001,0.83,1.00,1710.00,19.04,22.10,22
494,0.99,2,5.0,100,-10,0,1001,0.36,0.33,1760.00,19.04,22.30,22
495,0.99,2,5.0,100,-10,0,1001,0.31,0.09,1800.00,19.05,22.30,22
496,0.99,2,5.0,100,-10,0,1001,0.29,0.11,1810.00,19.06,22.10,22
497,0.99,2,5.0,100,-10,0,1001,0.28,0.11,1770.00,19.06,22.20,22
498,0.99,2,5.0,100,-10,0,1001,0.71,0.50,1770.00,19.07,22.10,22
499,0.99,2,5.0,100,-10,0,1001,0.71,0.33,1930.00,19.08,22.20,23
500,0.99,2,5.0,100,-10,0,1001,0.17,0.07,1850.00,19.08,22.10,22
501,0.99,2,5.0,100,-10,0,1001,0.38,0.20,2110.00,19.09,22.40,24
502,0.99,2,5.0,100,-10,0,1001,0.42,0.25,1780.00,19.10,22.30,22
503,0.99,2,5.0,100,-10,0,1001,0.26,0.12,2140.00,19.11,22.50,24
504,0.99,2,5.0,100,-10,0,1001,0.16,0.25,1750.00,19.11,22.40,21
505,0.99,2,5.0,100,-10,0,1001,0.62,0.17,1460.00,19.11,22.20,20
506,0.99,2,5.0,100,-10,0,1001,0.16,0.06,1710.00,19.12,22.20,22
507,0.99,2,5.0,100,-10,0,1001,0.50,0.33,1830.00,19.12,22.20,22
508,0.99,2,5.0,100,-10,0,1001,1.00,0.14,1960.00,19.13,22.30,23
509,0.99,2,5.0,100,-10,0,1001,0.71,1.00,1740.00,19.14,22.30,23
510,0.99,2,5.0,100,-10,0,1001,0.29,0.20,1990.00,19.15,22.40,23
511,0.99,2,5.0,100,-10,0,1001,0.83,1.00,1740.00,19.15,22.10,21
512,0.99,2,5.0,100,-10,0,1001,0.62,1.00,1850.00,19.16,22.10,22
513,0.99,2,5.0,100,-10,0,1001,0.36,0.20,2020.00,19.17,22.10,24
514,0.99,2,5.0,100,-10,0,1001,0.15,0.09,1920.00,19.17,22.30,23
515,0.99,2,5.0,100,-10,0,1001,0.62,0.33,1850.00,19.18,22.50,22
516,0.99,2,5.0,100,-10,0,1001,0.56,0.50,2220.00,19.19,22.80,25
517,0.99,2,5.0,100,-10,0,1001,0.33,0.25,1760.00,19.19,22.80,22
518,0.99,2,5.0,100,-10,0,1001,0.71,0.50,1830.00,19.20,22.70,22
519,0.99,2,5.0,100,-10,0,1001,0.22,0.09,1660.00,19.21,22.60,22
520,0.99,2,5.0,100,-10,0,1001,0.45,0.25,2030.00,19.21,22.70,24
521,0.99,2,5.0,100,-10,0,1001,0.16,0.50,1780.00,19.22,22.80,22
522,0.99,2,5.0,100,-10,0,1001,0.42,0.20,2050.00,19.23,23.00,24
523,0.99,2,5.0,100,-10,0,1001,0.71,0.17,2070.00,19.24,23.00,24
524,0.99,2,5.0,100,-10,0,1001,0.83,0.33,2240.00,19.25,23.20,25
525,0.99,2,5.0,100,-10,0,1001,0.56,1.00,1760.00,19.25,23.20,22
526,0.99,2,5.0,100,-10,0,1001,0.28,0.17,1920.00,19.26,23.00,23
527,0.99,2,5.0,100,-10,0,1001,0.33,0.25,2130.00,19.27,23.20,24
528,0.99,2,5.0,100,-10,0,1001,0.28,0.33,1880.00,19.28,23.30,23
529,0.99,2,5.0,100,-10,0,1001,0.83,0.17,2020.00,19.29,23.50,24
530,0.99,2,5.0,100,-10,0,1001,0.33,0.25,2060.00,19.29,23.40,23
531,0.99,2,5.0,100,-10,0,1001,0.62,0.33,1890.00,19.30,23.40,22
532,0.99,2,5.0,100,-10,0,1001,0.26,0.14,2030.00,19.31,23.40,24
533,0.99,2,5.0,100,-10,0,1001,0.16,0.14,2010.00,19.31,23.30,23
534,0.99,2,5.0,100,-10,0,1001,0.62,0.33,1630.00,19.32,22.90,21
535,0.99,2,5.0,100,-10,0,1001,0.62,0.50,2000.00,19.32,23.00,23
536,0.99,2,5.0,100,-10,0,1001,0.62,1.00,1930.00,19.33,23.00,23
537,0.99,2,5.0,100,-10,0,1001,0.31,0.14,1780.00,19.33,22.70,21
538,0.99,2,5.0,100,-10,0,1001,0.62,0.50,2110.00,19.34,22.80,24
539,0.99,2,5.0,100,-10,0,1001,0.25,0.10,2030.00,19.35,22.80,24
540,0.99,2,5.0,100,-10,0,1001,0.25,0.06,2070.00,19.36,22.90,24
541,0.99,2,5.0,100,-10,0,1001,0.71,1.00,1910.00,19.37,23.00,23
542,0.99,2,5.0,100,-10,0,1001,0.21,0.14,1970.00,19.38,23.00,24
543,0.99,2,5.0,100,-10,0,1001,0.21,0.08,1280.00,19.37,22.50,18
544,0.99,2,5.0,100,-10,0,1001,0.83,0.33,2050.00,19.38,22.80,24
545,0.99,2,5.0,100,-10,0,1001,0.42,0.33,2030.00,19.39,22.80,23
546,0.99,2,5.0,100,-10,0,1001,0.56,1.00,1680.00,19.39,22.70,22
547,0.99,2,5.0,100,-10,0,1001,0.56,0.25,1760.00,19.40,22.80,22
548,0.99,2,5.0,100,-10,0,1001,0.15,0.08,1970.00,19.40,22.70,23
549,0.99,2,5.0,100,-10,0,1001,0.31,0.17,1890.00,19.41,22.60,23
550,0.99,2,5.0,100,-10,0,1001,0.31,0.25,2380.00,19.42,22.80,26
551,0.99,2,5.0,100,-10,0,1001,0.36,0.50,1930.00,19.43,22.80,23
552,0.99,2,5.0,100,-10,0,1001,0.26,0.14,2100.00,19.44,22.80,24
553,0.99,2,5.0,100,-10,0,1001,0.20,0.08,1800.00,19.44,23.20,22
554,0.99,2,5.0,100,-10,0,1001,0.14,0.06,2110.00,19.45,23.20,24
555,0.99,2,5.0,100,-10,0,1001,0.25,0.09,1760.00,19.46,23.10,22
556,0.99,2,5.0,100,-10,0,1001,0.71,0.14,1490.00,19.46,22.90,20
557,0.99,2,5.0,100,-10,0,1001,0.62,0.33,1900.00,19.46,23.00,23
558,0.99,2,5.0,100,-10,0,1001,0.15,0.07,1380.00,19.46,22.70,20
559,0.99,2,5.0,100,-10,0,1001,0.15,0.08,1940.00,19.47,22.70,23
560,0.99,2,5.0,100,-10,0,1001,0.62,1.00,2130.00,19.48,22.50,24
561,0.99,2,5.0,100,-10,0,1001,0.20,0.06,1780.00,19.48,22.40,22
562,0.99,2,5.0,100,-10,0,1001,0.14,0.11,2090.00,19.49,22.40,24
563,0.99,2,5.0,100,-10,0,1001,0.26,1.00,1680.00,19.49,22.40,22
564,0.99,2,5.0,100,-10,0,1001,0.50,1.00,1950.00,19.50,22.30,23
565,0.99,2,5.0,100,-10,0,1001,0.19,0.10,2040.00,19.51,22.50,24
566,0.99,2,5.0,100,-10,0,1001,0.56,0.08,1950.00,19.51,22.80,23
567,0.99,2,5.0,100,-10,0,1001,0.38,0.33,2210.00,19.52,23.00,25
568,0.99,2,5.0,100,-10,0,1001,0.24,0.08,1920.00,19.53,23.30,23
569,0.99,2,5.0,100,-10,0,1001,0.19,0.10,1830.00,19.54,23.20,22
570,0.99,2,5.0,100,-10,0,1001,0.26,0.12,2230.00,19.54,23.30,25
571,0.99,2,5.0,100,-10,0,1001,0.24,0.33,1870.00,19.55,23.40,23
572,0.99,2,5.0,100,-10,0,1001,0.38,0.25,2040.00,19.56,23.40,24
573,0.99,2,5.0,100,-10,0,1001,0.15,0.06,1970.00,19.56,23.50,23
574,0.99,2,5.0,100,-10,0,1001,0.36,0.33,2030.00,19.57,23.60,24
575,0.99,2,5.0,100,-10,0,1001,0.23,0.12,1840.00,19.58,23.40,22
576,0.99,2,5.0,100,-10,0,1001,0.14,0.20,2210.00,19.59,23.60,25
577,0.99,2,5.0,100,-10,0,1001,0.14,0.06,1970.00,19.59,23.40,23
578,0.99,2,5.0,100,-10,0,1001,0.23,0.11,2030.00,19.60,23.50,24
579,0.99,2,5.0,100,-10,0,1001,0.22,0.10,2080.00,19.61,23.70,24
580,0.99,2,5.0,100,-10,0,1001,0.29,0.33,1830.00,19.61,23.40,22
581,0.99,2,5.0,100,-10,0,1001,0.50,1.00,2130.00,19.62,23.50,24
582,0.99,2,5.0,100,-10,0,1001,0.22,0.08,1730.00,19.62,23.30,22
583,0.99,2,5.0,100,-10,0,1001,0.19,0.08,1720.00,19.63,23.20,22
584,0.99,2,5.0,100,-10,0,1001,0.18,0.09,1920.00,19.63,23.10,23
585,0.99,2,5.0,100,-10,0,1001,0.29,0.10,1940.00,19.64,23.20,23
586,0.99,2,5.0,100,-10,0,1001,0.13,0.09,2200.00,19.65,23.20,25
587,0.99,2,5.0,100,-10,0,1001,0.14,0.17,2260.00,19.66,23.50,26
588,0.99,2,5.0,100,-10,0,1001,0.21,0.10,2160.00,19.67,23.50,24
589,0.99,2,5.0,100,-10,0,1001,0.50,0.50,1870.00,19.67,23.30,22
590,0.99,2,5.0,100,-10,0,1001,0.45,0.07,1980.00,19.68,23.40,23
591,0.99,2,5.0,100,-10,0,1001,0.22,0.09,1930.00,19.68,23.30,23
592,0.99,2,5.0,100,-10,0,1001,0.23,0.07,1540.00,19.68,23.20,21
593,0.99,2,5.0,100,-10,0,1001,0.25,0.08,1930.00,19.69,23.30,23
594,0.99,2,5.0,100,-10,0,1001,0.71,0.50,1730.00,19.69,23.20,22
595,0.99,2,5.0,100,-10,0,1001,0.21,0.08,2080.00,19.70,23.30,24
596,0.99,2,5.0,100,-10,0,1001,0.15,0.07,1930.00,19.71,23.10,23
597,0.99,2,5.0,100,-10,0,1001,0.71,1.00,2080.00,19.71,23.00,25
598,0.99,2,5.0,100,-10,0,1001,0.21,0.07,2230.00,19.72,23.10,25
599,0.99,2,5.0,100,-10,0,1001,0.29,0.10,2070.00,19.73,23.30,24
600,0.99,2,5.0,100,-10,0,1001,0.83,0.33,2250.00,19.74,23.50,25
601,0.99,2,5.0,100,-10,0,1001,0.56,0.33,1730.00,19.74,23.40,22
602,0.99,2,5.0,100,-10,0,1001,0.17,0.08,2050.00,19.75,23.70,24
603,0.99,2,5.0,100,-10,0,1001,0.29,0.10,2120.00,19.76,23.80,24
604,0.99,2,5.0,100,-10,0,1001,0.28,0.08,2080.00,19.76,24.00,24
605,0.99,2,5.0,100,-10,0,1001,0.20,0.09,2080.00,19.77,24.00,24
606,0.99,2,5.0,100,-10,0,1001,0.20,0.08,1970.00,19.78,24.00,23
607,0.99,2,5.0,100,-10,0,1001,0.19,0.07,2180.00,19.78,24.00,25
608,0.99,2,5.0,100,-10,0,1001,0.56,0.33,2090.00,19.79,23.90,24
609,0.99,2,5.0,100,-10,0,1001,0.19,0.17,2090.00,19.80,24.00,25
610,0.99,2,5.0,100,-10,0,1001,0.20,0.08,1730.00,19.80,23.70,22
611,0.99,2,5.0,100,-10,0,1001,0.19,0.06,1920.00,19.81,23.80,23
612,0.99,2,5.0,100,-10,0,1001,0.62,0.50,1900.00,19.81,23.70,23
613,0.99,2,5.0,100,-10,0,1001,0.62,0.25,2140.00,19.82,23.70,24
614,0.99,2,5.0,100,-10,0,1001,0.14,0.10,2180.00,19.83,23.80,25
615,0.99,2,5.0,100,-10,0,1001,0.18,0.08,2050.00,19.84,23.80,24
616,0.99,2,5.0,100,-10,0,1001,0.13,0.20,1820.00,19.84,23.70,22
617,0.99,2,5.0,100,-10,0,1001,0.17,0.33,2040.00,19.85,23.60,24
618,0.99,2,5.0,100,-10,0,1001,0.25,0.10,2090.00,19.85,23.60,24
619,0.99,2,5.0,100,-10,0,1001,0.17,0.14,2030.00,19.86,23.50,24
620,0.99,2,5.0,100,-10,0,1001,0.16,0.06,1890.00,19.86,23.60,23
621,0.99,2,5.0,100,-10,0,1001,0.19,0.07,2150.00,19.87,23.80,25
622,0.99,2,5.0,100,-10,0,1001,0.31,0.06,2020.00,19.88,23.80,23
623,0.99,2,5.0,100,-10,0,1001,0.17,0.14,1850.00,19.88,23.70,23
624,0.99,2,5.0,100,-10,0,1001,0.18,0.06,2220.00,19.89,23.70,25
625,0.99,2,5.0,100,-10,0,1001,0.71,1.00,2280.00,19.90,23.80,25
626,0.99,2,5.0,100,-10,0,1001,0.16,0.20,1910.00,19.90,23.90,23
627,0.99,2,5.0,100,-10,0,1001,0.24,0.09,2020.00,19.91,23.90,24
628,0.99,2,5.0,100,-10,0,1001,0.12,0.05,2090.00,19.92,23.90,24
629,0.99,2,5.0,100,-10,0,1001,0.17,0.25,2000.00,19.92,23.80,23
630,0.99,2,5.0,100,-10,0,1001,0.12,0.07,2080.00,19.93,23.90,24
631,0.99,2,5.0,100,-10,0,1001,0.26,0.33,1860.00,19.93,23.60,22
632,0.99,2,5.0,100,-10,0,1001,0.17,0.07,2270.00,19.94,23.80,25
633,0.99,2,5.0,100,-10,0,1001,0.45,0.50,1990.00,19.95,23.90,24
634,0.99,2,5.0,100,-10,0,1001,0.16,0.06,2400.00,19.96,24.00,26
635,0.99,2,5.0,100,-10,0,1001,0.28,0.50,1830.00,19.96,23.80,23
636,0.99,2,5.0,100,-10,0,1001,0.25,0.50,2200.00,19.97,24.00,25
637,0.99,2,5.0,100,-10,0,1001,0.15,0.17,2250.00,19.98,24.10,25
638,0.99,2,5.0,100,-10,0,1001,0.14,0.07,2260.00,19.98,24.20,25
639,0.99,2,5.0,100,-10,0,1001,0.31,0.14,2190.00,19.99,24.40,25
640,0.99,2,5.0,100,-10,0,1001,0.33,0.07,2410.00,20.00,24.60,26
641,0.99,2,5.0,100,-10,0,1001,0.13,0.20,2190.00,20.01,24.90,25
642,0.99,2,5.0,100,-10,0,1001,0.16,0.09,2180.00,20.02,24.90,25
643,0.99,2,5.0,100,-10,0,1001,0.23,0.06,2250.00,20.02,24.90,24
644,0.99,2,5.0,100,-10,0,1001,0.33,0.14,2080.00,20.03,24.70,24
645,0.99,2,5.0,100,-10,0,1001,0.50,0.50,2420.00,20.04,25.00,26
646,0.99,2,5.0,100,-10,0,1001,0.20,0.07,1740.00,20.04,24.70,22
647,0.99,2,5.0,100,-10,0,1001,0.12,0.06,2050.00,20.05,24.60,24
648,0.99,2,5.0,100,-10,0,1001,0.71,1.00,1910.00,20.05,24.30,22
649,0.99,2,5.0,100,-10,0,1001,0.56,0.50,2160.00,20.06,24.20,24
650,0.99,2,5.0,100,-10,0,1001,0.31,0.11,2260.00,20.06,24.10,25
651,0.99,2,5.0,100,-10,0,1001,0.22,0.08,2180.00,20.07,24.10,25
652,0.99,2,5.0,100,-10,0,1001,0.50,0.50,1910.00,20.08,23.90,23
653,0.99,2,5.0,100,-10,0,1001,0.21,0.05,2040.00,20.08,23.90,24
654,0.99,2,5.0,100,-10,0,1001,0.13,0.05,2400.00,20.09,24.10,26
655,0.99,2,5.0,100,-10,0,1001,0.25,0.14,2040.00,20.10,23.90,24
656,0.99,2,5.0,100,-10,0,1001,0.31,0.05,2450.00,20.11,24.30,26
657,0.99,2,5.0,100,-10,0,1001,0.15,0.06,2220.00,20.11,24.40,25
658,0.99,2,5.0,100,-10,0,1001,0.12,0.17,2280.00,20.12,24.70,25
659,0.99,2,5.0,100,-10,0,1001,0.15,0.50,2100.00,20.13,24.70,24
660,0.99,2,5.0,100,-10,0,1001,0.14,0.05,2130.00,20.13,24.60,24
661,0.99,2,5.0,100,-10,0,1001,0.56,0.14,2010.00,20.14,24.50,24
662,0.99,2,5.0,100,-10,0,1001,0.12,0.09,2060.00,20.14,24.60,24
663,0.99,2,5.0,100,-10,0,1001,0.19,0.06,2000.00,20.15,24.60,24
664,0.99,2,5.0,100,-10,0,1001,0.15,0.05,2280.00,20.16,24.50,25
665,0.99,2,5.0,100,-10,0,1001,0.62,0.50,1990.00,20.16,24.40,23
666,0.99,2,5.0,100,-10,0,1001,0.29,0.05,2300.00,20.17,24.30,25
667,0.99,2,5.0,100,-10,0,1001,0.14,0.11,1840.00,20.17,24.00,22
668,0.99,2,5.0,100,-10,0,1001,0.14,0.05,1830.00,20.18,23.80,23
669,0.99,2,5.0,100,-10,0,1001,0.21,0.08,2010.00,20.18,23.80,24
670,0.99,2,5.0,100,-10,0,1001,0.14,0.08,2250.00,20.19,23.90,25
671,0.99,2,5.0,100,-10,0,1001,0.26,0.04,2260.00,20.20,24.00,25
672,0.99,2,5.0,100,-10,0,1001,0.20,0.05,1810.00,20.20,23.80,22
673,0.99,2,5.0,100,-10,0,1001,0.50,0.50,2100.00,20.20,23.80,24
674,0.99,2,5.0,100,-10,0,1001,0.45,0.33,2070.00,20.21,23.70,24
675,0.99,2,5.0,100,-10,0,1001,0.14,0.05,1910.00,20.21,23.70,23
676,0.99,2,5.0,100,-10,0,1001,0.20,0.07,2080.00,20.22,23.50,23
677,0.99,2,5.0,100,-10,0,1001,0.14,0.06,2340.00,20.23,23.80,25
678,0.99,2,5.0,100,-10,0,1001,0.14,0.17,1880.00,20.23,23.80,23
679,0.99,2,5.0,100,-10,0,1001,0.29,0.07,1670.00,20.23,23.50,21
680,0.99,2,5.0,100,-10,0,1001,0.19,0.05,2040.00,20.24,23.40,24
681,0.99,2,5.0,100,-10,0,1001,0.11,0.04,2390.00,20.24,23.50,26
682,0.99,2,5.0,100,-10,0,1001,0.25,0.09,2200.00,20.25,23.80,25
683,0.99,2,5.0,100,-10,0,1001,0.24,0.25,1930.00,20.26,23.70,23
684,0.99,2,5.0,100,-10,0,1001,0.24,0.10,2270.00,20.26,23.80,25
685,0.99,2,5.0,100,-10,0,1001,0.13,0.04,2330.00,20.27,24.10,26
686,0.99,2,5.0,100,-10,0,1001,0.62,0.25,2180.00,20.28,24.20,24
687,0.99,2,5.0,100,-10,0,1001,0.14,0.06,2390.00,20.28,24.30,26
688,0.99,2,5.0,100,-10,0,1001,0.13,0.05,1790.00,20.29,24.20,22
689,0.99,2,5.0,100,-10,0,1001,0.50,0.12,2130.00,20.29,24.50,24
690,0.99,2,5.0,100,-10,0,1001,0.12,0.04,2290.00,20.30,24.60,25
691,0.99,2,5.0,100,-10,0,1001,0.11,0.05,2280.00,20.31,24.50,25
692,0.99,2,5.0,100,-10,0,1001,0.24,0.08,2100.00,20.31,24.40,24
693,0.99,2,5.0,100,-10,0,1001,0.13,0.04,2310.00,20.32,24.70,26
694,0.99,2,5.0,100,-10,0,1001,0.11,0.05,1580.00,20.32,24.30,21
695,0.99,2,5.0,100,-10,0,1001,0.13,0.20,2150.00,20.33,24.10,24
696,0.99,2,5.0,100,-10,0,1001,0.12,0.04,2310.00,20.33,24.30,26
697,0.99,2,5.0,100,-10,0,1001,0.19,0.04,2280.00,20.34,24.20,25
698,0.99,2,5.0,100,-10,0,1001,0.12,0.05,2310.00,20.35,24.50,25
699,0.99,2,5.0,100,-10,0,1001,0.23,0.20,2170.00,20.35,24.50,24
700,0.99,2,5.0,100,-10,0,1001,0.25,0.04,2290.00,20.36,24.60,26
701,0.99,2,5.0,100,-10,0,1001,0.12,0.05,2190.00,20.37,24.50,24
702,0.99,2,5.0,100,-10,0,1001,0.18,0.06,2200.00,20.37,24.60,25
703,0.99,2,5.0,100,-10,0,1001,0.29,0.25,1940.00,20.38,24.30,23
704,0.99,2,5.0,100,-10,0,1001,0.29,0.05,2010.00,20.38,24.60,24
705,0.99,2,5.0,100,-10,0,1001,0.42,0.50,2530.00,20.39,24.90,27
706,0.99,2,5.0,100,-10,0,1001,0.12,0.06,1910.00,20.39,24.60,23
707,0.99,2,5.0,100,-10,0,1001,0.12,0.04,2180.00,20.40,24.50,24
708,0.99,2,5.0,100,-10,0,1001,0.24,0.04,2180.00,20.41,24.50,25
709,0.99,2,5.0,100,-10,0,1001,0.12,0.12,2220.00,20.41,24.60,25
710,0.99,2,5.0,100,-10,0,1001,0.23,0.03,1900.00,20.42,24.30,23
711,0.99,2,5.0,100,-10,0,1001,0.13,0.14,2050.00,20.42,24.30,24
712,0.99,2,5.0,100,-10,0,1001,0.62,0.33,2350.00,20.43,24.30,25
713,0.99,2,5.0,100,-10,0,1001,0.12,0.33,2080.00,20.43,24.40,24
714,0.99,2,5.0,100,-10,0,1001,0.19,0.08,2320.00,20.44,24.60,26
715,0.99,2,5.0,100,-10,0,1001,0.12,0.17,2070.00,20.45,24.30,24
716,0.99,2,5.0,100,-10,0,1001,0.62,0.33,2370.00,20.45,24.60,26
717,0.99,2,5.0,100,-10,0,1001,0.22,0.03,2310.00,20.46,24.70,25
718,0.99,2,5.0,100,-10,0,1001,0.12,0.04,2400.00,20.47,24.80,26
719,0.99,2,5.0,100,-10,0,1001,0.11,0.03,2210.00,20.47,24.80,25
720,0.99,2,5.0,100,-10,0,1001,0.28,0.07,2030.00,20.48,24.90,24
721,0.99,2,5.0,100,-10,0,1001,0.16,0.20,2000.00,20.48,24.90,24
722,0.99,2,5.0,100,-10,0,1001,0.11,0.04,2100.00,20.49,24.80,24
723,0.99,2,5.0,100,-10,0,1001,0.10,0.04,2440.00,20.50,25.00,26
724,0.99,2,5.0,100,-10,0,1001,0.56,0.50,2140.00,20.50,24.80,24
725,0.99,2,5.0,100,-10,0,1001,0.11,0.03,2300.00,20.51,25.00,26
726,0.99,2,5.0,100,-10,0,1001,0.11,0.07,2400.00,20.52,25.00,26
727,0.99,2,5.0,100,-10,0,1001,0.11,0.03,2080.00,20.52,24.90,24
728,0.99,2,5.0,100,-10,0,1001,0.11,0.04,2220.00,20.53,24.80,25
729,0.99,2,5.0,100,-10,0,1001,0.18,0.04,2420.00,20.53,24.90,26
730,0.99,2,5.0,100,-10,0,1001,0.12,0.05,2370.00,20.54,25.10,26
731,0.99,2,5.0,100,-10,0,1001,0.10,1.00,2460.00,20.55,25.40,27
732,0.99,2,5.0,100,-10,0,1001,0.16,0.02,2080.00,20.56,25.40,24
733,0.99,2,5.0,100,-10,0,1001,0.62,0.50,2320.00,20.56,25.30,25
734,0.99,2,5.0,100,-10,0,1001,0.36,0.12,2420.00,20.57,25.50,26
735,0.99,2,5.0,100,-10,0,1001,0.56,1.00,2440.00,20.58,25.50,26
736,0.99,2,5.0,100,-10,0,1001,0.11,0.05,2520.00,20.58,25.60,27
737,0.99,2,5.0,100,-10,0,1001,0.16,0.03,2100.00,20.59,25.60,24
738,0.99,2,5.0,100,-10,0,1001,0.10,0.03,2590.00,20.60,25.80,27
739,0.99,2,5.0,100,-10,0,1001,0.15,0.14,2000.00,20.60,25.50,23
740,0.99,2,5.0,100,-10,0,1001,0.11,0.33,2150.00,20.61,25.30,24
741,0.99,2,5.0,100,-10,0,1001,0.20,0.11,2400.00,20.61,25.20,26
742,0.99,2,5.0,100,-10,0,1001,0.11,0.04,2370.00,20.62,25.40,26
743,0.99,2,5.0,100,-10,0,1001,0.10,0.04,2410.00,20.63,25.60,27
744,0.99,2,5.0,100,-10,0,1001,0.71,0.50,2400.00,20.64,25.60,26
745,0.99,2,5.0,100,-10,0,1001,0.10,0.07,1760.00,20.64,25.30,23
746,0.99,2,5.0,100,-10,0,1001,0.10,0.25,2320.00,20.65,25.10,25
747,0.99,2,5.0,100,-10,0,1001,0.50,0.25,2370.00,20.65,25.30,26
748,0.99,2,5.0,100,-10,0,1001,0.19,0.06,2000.00,20.66,25.00,24
749,0.99,2,5.0,100,-10,0,1001,0.09,0.03,2340.00,20.66,25.30,26
750,0.99,2,5.0,100,-10,0,1001,0.19,0.20,2440.00,20.67,25.50,26
751,0.99,2,5.0,100,-10,0,1001,0.10,0.14,2310.00,20.68,25.50,26
752,0.99,2,5.0,100,-10,0,1001,0.19,0.10,2120.00,20.68,25.30,24
753,0.99,2,5.0,100,-10,0,1001,0.18,0.03,2410.00,20.69,25.10,25
754,0.99,2,5.0,100,-10,0,1001,0.22,0.12,2040.00,20.69,24.90,24
755,0.99,2,5.0,100,-10,0,1001,0.56,0.33,2220.00,20.70,25.10,25
756,0.99,2,5.0,100,-10,0,1001,0.10,0.12,2220.00,20.70,25.10,25
757,0.99,2,5.0,100,-10,0,1001,0.11,0.08,1970.00,20.71,24.80,23
758,0.99,2,5.0,100,-10,0,1001,0.23,0.06,1940.00,20.71,24.70,23
759,0.99,2,5.0,100,-10,0,1001,0.09,0.02,2410.00,20.72,24.70,26
760,0.99,2,5.0,100,-10,0,1001,0.17,0.02,2010.00,20.72,24.40,23
761,0.99,2,5.0,100,-10,0,1001,0.11,0.04,2100.00,20.72,24.20,24
762,0.99,2,5.0,100,-10,0,1001,0.17,0.02,2020.00,20.73,24.10,23
763,0.99,2,5.0,100,-10,0,1001,0.14,0.33,2040.00,20.73,24.00,24
764,0.99,2,5.0,100,-10,0,1001,0.09,0.20,2200.00,20.74,24.10,25
765,0.99,2,5.0,100,-10,0,1001,0.09,0.02,2440.00,20.74,24.20,26
766,0.99,2,5.0,100,-10,0,1001,0.09,0.08,2260.00,20.75,24.20,25
767,0.99,2,5.0,100,-10,0,1001,0.13,0.06,2440.00,20.76,24.50,26
768,0.99,2,5.0,100,-10,0,1001,0.23,0.09,2320.00,20.76,24.70,25
769,0.99,2,5.0,100,-10,0,1001,0.15,0.05,1480.00,20.76,24.10,20
770,0.99,2,5.0,100,-10,0,1001,0.12,0.05,2560.00,20.77,24.50,27
771,0.99,2,5.0,100,-10,0,1001,0.09,0.08,2400.00,20.78,24.70,26
772,0.99,2,5.0,100,-10,0,1001,0.10,0.07,1790.00,20.78,24.60,22
773,0.99,2,5.0,100,-10,0,1001,0.17,0.04,2140.00,20.78,24.60,24
774,0.99,2,5.0,100,-10,0,1001,0.08,0.03,2150.00,20.79,24.50,24
775,0.99,2,5.0,100,-10,0,1001,0.23,0.12,2240.00,20.79,24.40,25
776,0.99,2,5.0,100,-10,0,1001,0.14,0.05,2270.00,20.80,24.40,25
777,0.99,2,5.0,100,-10,0,1001,0.50,0.50,2470.00,20.80,24.40,26
778,0.99,2,5.0,100,-10,0,1001,0.08,0.02,2420.00,20.81,24.50,26
779,0.99,2,5.0,100,-10,0,1001,0.16,0.07,2160.00,20.82,25.00,25
780,0.99,2,5.0,100,-10,0,1001,0.08,0.02,2290.00,20.82,24.80,25
781,0.99,2,5.0,100,-10,0,1001,0.16,0.07,1990.00,20.82,24.60,24
782,0.99,2,5.0,100,-10,0,1001,0.08,0.02,2370.00,20.83,24.90,25
783,0.99,2,5.0,100,-10,0,1001,0.71,0.33,2110.00,20.83,24.80,23
784,0.99,2,5.0,100,-10,0,1001,0.21,0.20,2200.00,20.84,24.90,25
785,0.99,2,5.0,100,-10,0,1001,0.10,0.04,2000.00,20.84,24.80,24
786,0.99,2,5.0,100,-10,0,1001,0.10,0.03,2200.00,20.85,24.80,25
787,0.99,2,5.0,100,-10,0,1001,0.14,0.03,2010.00,20.85,24.60,24
788,0.99,2,5.0,100,-10,0,1001,0.22,0.11,2220.00,20.86,24.50,25
789,0.99,2,5.0,100,-10,0,1001,0.08,0.02,2270.00,20.86,24.50,25
790,0.99,2,5.0,100,-10,0,1001,0.10,0.03,2100.00,20.86,24.30,23
791,0.99,2,5.0,100,-10,0,1001,0.08,0.02,1880.00,20.87,24.20,23
792,0.99,2,5.0,100,-10,0,1001,0.56,0.50,2300.00,20.87,24.10,24
793,0.99,2,5.0,100,-10,0,1001,0.15,0.06,2250.00,20.88,24.30,25
794,0.99,2,5.0,100,-10,0,1001,0.10,0.04,2240.00,20.88,24.30,25
795,0.99,2,5.0,100,-10,0,1001,0.10,0.03,2200.00,20.89,24.40,25
796,0.99,2,5.0,100,-10,0,1001,0.08,0.06,2070.00,20.89,24.30,24
797,0.99,2,5.0,100,-10,0,1001,0.50,0.25,2330.00,20.90,24.40,25
798,0.99,2,5.0,100,-10,0,1001,0.62,0.17,2190.00,20.90,24.30,24
799,0.99,2,5.0,100,-10,0,1001,0.13,0.04,2300.00,20.91,24.30,25
800,0.99,2,5.0,100,-10,0,1001,0.36,0.11,2140.00,20.91,24.40,24
801,0.99,2,5.0,100,-10,0,1001,0.15,0.14,2140.00,20.91,24.50,24
802,0.99,2,5.0,100,-10,0,1001,0.21,0.08,2110.00,20.92,24.50,24
803,0.99,2,5.0,100,-10,0,1001,0.08,0.04,2140.00,20.92,24.40,24
804,0.99,2,5.0,100,-10,0,1001,0.20,0.06,1990.00,20.92,24.30,24
805,0.99,2,5.0,100,-10,0,1001,0.56,0.12,2360.00,20.93,24.40,26
806,0.99,2,5.0,100,-10,0,1001,0.56,0.25,2110.00,20.93,24.40,24
807,0.99,2,5.0,100,-10,0,1001,0.11,0.07,2140.00,20.94,24.30,24
808,0.99,2,5.0,100,-10,0,1001,0.50,0.11,2460.00,20.94,24.50,26
809,0.99,2,5.0,100,-10,0,1001,0.11,0.04,2180.00,20.95,24.50,25
810,0.99,2,5.0,100,-10,0,1001,0.07,0.06,2130.00,20.95,24.50,24
811,0.99,2,5.0,100,-10,0,1001,0.12,0.05,2220.00,20.96,24.60,25
812,0.99,2,5.0,100,-10,0,1001,0.14,0.02,2320.00,20.96,24.80,26
813,0.99,2,5.0,100,-10,0,1001,0.07,0.14,2470.00,20.97,25.00,26
814,0.99,2,5.0,100,-10,0,1001,0.17,0.03,2370.00,20.98,25.20,26
815,0.99,2,5.0,100,-10,0,1001,0.10,0.03,2370.00,20.98,25.20,26
816,0.99,2,5.0,100,-10,0,1001,0.07,0.10,2370.00,20.99,25.30,25
817,0.99,2,5.0,100,-10,0,1001,0.14,0.05,2630.00,21.00,25.70,28
818,0.99,2,5.0,100,-10,0,1001,0.09,0.03,2510.00,21.00,25.80,27
819,0.99,2,5.0,100,-10,0,1001,0.07,0.03,2390.00,21.01,25.90,26
820,0.99,2,5.0,100,-10,0,1001,0.07,0.02,2540.00,21.02,26.20,27
821,0.99,2,5.0,100,-10,0,1001,0.13,0.09,2430.00,21.02,26.30,26
822,0.99,2,5.0,100,-10,0,1001,0.28,0.11,2110.00,21.03,26.10,24
823,0.99,2,5.0,100,-10,0,1001,0.07,0.02,2550.00,21.03,26.20,27
824,0.99,2,5.0,100,-10,0,1001,0.07,0.05,2590.00,21.04,26.30,27
825,0.99,2,5.0,100,-10,0,1001,0.71,0.25,2440.00,21.05,26.30,26
826,0.99,2,5.0,100,-10,0,1001,0.29,0.20,2400.00,21.05,26.40,26
827,0.99,2,5.0,100,-10,0,1001,0.09,0.04,2200.00,21.06,26.00,24
828,0.99,2,5.0,100,-10,0,1001,0.09,0.04,2720.00,21.07,26.10,28
829,0.99,2,5.0,100,-10,0,1001,0.13,0.08,2470.00,21.07,26.10,26
830,0.99,2,5.0,100,-10,0,1001,0.09,0.02,2630.00,21.08,26.10,27
831,0.99,2,5.0,100,-10,0,1001,0.07,0.03,2190.00,21.08,25.90,24
832,0.99,2,5.0,100,-10,0,1001,0.10,0.04,2320.00,21.09,26.00,25
833,0.99,2,5.0,100,-10,0,1001,0.12,0.02,2630.00,21.09,26.00,27
834,0.99,2,5.0,100,-10,0,1001,0.07,0.08,2520.00,21.10,26.00,27
835,0.99,2,5.0,100,-10,0,1001,0.07,0.04,1980.00,21.10,25.70,23
836,0.99,2,5.0,100,-10,0,1001,0.09,0.02,2160.00,21.11,25.60,25
837,0.99,2,5.0,100,-10,0,1001,0.33,0.11,2280.00,21.11,25.80,26
838,0.99,2,5.0,100,-10,0,1001,0.45,0.07,2280.00,21.12,25.50,25
839,0.99,2,5.0,100,-10,0,1001,0.71,1.00,2450.00,21.12,25.50,26
840,0.99,2,5.0,100,-10,0,1001,0.09,0.03,2340.00,21.13,25.30,25
841,0.99,2,5.0,100,-10,0,1001,0.12,0.02,2040.00,21.13,25.30,24
842,0.99,2,5.0,100,-10,0,1001,0.06,0.12,2130.00,21.14,25.20,24
843,0.99,2,5.0,100,-10,0,1001,0.06,0.02,2630.00,21.14,25.30,28
844,0.99,2,5.0,100,-10,0,1001,0.06,0.02,2220.00,21.15,25.10,25
845,0.99,2,5.0,100,-10,0,1001,0.45,0.17,2550.00,21.15,25.50,27
846,0.99,2,5.0,100,-10,0,1001,0.50,0.25,2660.00,21.16,25.70,27
847,0.99,2,5.0,100,-10,0,1001,0.09,0.03,2430.00,21.17,25.70,26
848,0.99,2,5.0,100,-10,0,1001,0.22,0.09,2300.00,21.17,25.60,24
849,0.99,2,5.0,100,-10,0,1001,0.21,0.25,2050.00,21.17,25.30,23
850,0.99,2,5.0,100,-10,0,1001,0.42,0.50,2280.00,21.18,25.30,25
851,0.99,2,5.0,100,-10,0,1001,0.09,0.03,2580.00,21.18,25.60,27
852,0.99,2,5.0,100,-10,0,1001,0.06,0.02,2460.00,21.19,25.80,26
853,0.99,2,5.0,100,-10,0,1001,0.18,0.05,2120.00,21.19,25.40,24
854,0.99,2,5.0,100,-10,0,1001,0.06,0.03,2630.00,21.20,25.60,27
855,0.99,2,5.0,100,-10,0,1001,0.42,0.50,2140.00,21.20,25.40,25
856,0.99,2,5.0,100,-10,0,1001,0.06,0.02,2370.00,21.21,25.30,26
857,0.99,2,5.0,100,-10,0,1001,0.06,0.07,1790.00,21.21,24.90,22
858,0.99,2,5.0,100,-10,0,1001,0.31,0.33,2340.00,21.22,25.00,25
859,0.99,2,5.0,100,-10,0,1001,0.09,0.06,2330.00,21.22,25.20,25
860,0.99,2,5.0,100,-10,0,1001,0.06,0.06,2490.00,21.23,25.40,27
861,0.99,2,5.0,100,-10,0,1001,0.09,0.03,2310.00,21.23,25.30,26
862,0.99,2,5.0,100,-10,0,1001,0.06,0.02,1970.00,21.23,25.00,23
863,0.99,2,5.0,100,-10,0,1001,0.06,0.06,2230.00,21.24,25.10,25
864,0.99,2,5.0,100,-10,0,1001,0.12,0.05,2480.00,21.24,25.00,26
865,0.99,2,5.0,100,-10,0,1001,0.09,0.11,2290.00,21.25,25.00,25
866,0.99,2,5.0,100,-10,0,1001,0.45,0.33,2370.00,21.25,25.00,26
867,0.99,2,5.0,100,-10,0,1001,0.06,0.11,2390.00,21.26,25.30,25
868,0.99,2,5.0,100,-10,0,1001,0.12,0.02,2540.00,21.26,25.50,27
869,0.99,2,5.0,100,-10,0,1001,0.06,0.03,2200.00,21.27,25.50,25
870,0.99,2,5.0,100,-10,0,1001,0.19,0.20,2410.00,21.27,25.40,26
871,0.99,2,5.0,100,-10,0,1001,0.16,0.03,1970.00,21.28,25.10,23
872,0.99,2,5.0,100,-10,0,1001,0.09,0.25,2260.00,21.28,25.30,25
873,0.99,2,5.0,100,-10,0,1001,0.06,0.03,2300.00,21.29,25.40,26
874,0.99,2,5.0,100,-10,0,1001,0.12,0.12,2450.00,21.29,25.40,26
875,0.99,2,5.0,100,-10,0,1001,0.08,0.03,1970.00,21.29,25.20,23
876,0.99,2,5.0,100,-10,0,1001,0.17,0.17,2280.00,21.30,25.10,25
877,0.99,2,5.0,100,-10,0,1001,0.08,0.05,2470.00,21.30,25.20,26
878,0.99,2,5.0,100,-10,0,1001,0.11,0.01,2400.00,21.31,25.00,25
879,0.99,2,5.0,100,-10,0,1001,0.08,0.03,2560.00,21.31,25.20,27
880,0.99,2,5.0,100,-10,0,1001,0.38,0.17,2180.00,21.32,25.00,24
881,0.99,2,5.0,100,-10,0,1001,0.28,0.10,2390.00,21.32,25.30,26
882,0.99,2,5.0,100,-10,0,1001,0.06,0.01,2170.00,21.33,25.20,24
883,0.99,2,5.0,100,-10,0,1001,0.05,0.03,2180.00,21.33,25.00,24
884,0.99,2,5.0,100,-10,0,1001,0.38,0.10,2380.00,21.33,25.00,26
885,0.99,2,5.0,100,-10,0,1001,0.26,0.25,2060.00,21.34,25.10,24
886,0.99,2,5.0,100,-10,0,1001,0.08,0.03,2420.00,21.34,25.20,26
887,0.99,2,5.0,100,-10,0,1001,0.36,0.25,2290.00,21.35,25.10,25
888,0.99,2,5.0,100,-10,0,1001,0.38,0.33,2290.00,21.35,25.10,25
889,0.99,2,5.0,100,-10,0,1001,0.05,0.03,2420.00,21.36,25.00,26
890,0.99,2,5.0,100,-10,0,1001,0.05,0.01,2400.00,21.36,25.20,26
891,0.99,2,5.0,100,-10,0,1001,0.05,0.01,2420.00,21.37,25.20,26
892,0.99,2,5.0,100,-10,0,1001,0.05,0.01,2260.00,21.37,25.30,25
893,0.99,2,5.0,100,-10,0,1001,0.11,0.09,2450.00,21.37,25.50,26
894,0.99,2,5.0,100,-10,0,1001,0.56,0.20,2250.00,21.38,25.40,25
895,0.99,2,5.0,100,-10,0,1001,0.19,0.06,2570.00,21.39,25.70,27
896,0.99,2,5.0,100,-10,0,1001,0.16,0.06,2410.00,21.39,25.70,26
897,0.99,2,5.0,100,-10,0,1001,0.05,0.04,2370.00,21.40,25.80,26
898,0.99,2,5.0,100,-10,0,1001,0.15,0.06,2440.00,21.40,25.90,26
899,0.99,2,5.0,100,-10,0,1001,0.50,0.17,2240.00,21.40,25.70,24
900,0.99,2,5.0,100,-10,0,1001,0.05,0.01,2420.00,21.41,25.70,26
901,0.99,2,5.0,100,-10,0,1001,0.05,0.03,2250.00,21.41,25.60,25
902,0.99,2,5.0,100,-10,0,1001,0.08,0.01,2440.00,21.42,25.70,26
903,0.99,2,5.0,100,-10,0,1001,0.08,0.03,2240.00,21.42,25.60,25
904,0.99,2,5.0,100,-10,0,1001,0.38,0.33,2280.00,21.43,25.60,25
905,0.99,2,5.0,100,-10,0,1001,0.11,0.01,2470.00,21.43,25.50,26
906,0.99,2,5.0,100,-10,0,1001,0.62,0.06,2300.00,21.43,25.40,25
907,0.99,2,5.0,100,-10,0,1001,0.56,0.33,2300.00,21.44,25.30,25
908,0.99,2,5.0,100,-10,0,1001,0.36,0.33,2440.00,21.44,25.30,26
909,0.99,2,5.0,100,-10,0,1001,0.08,0.03,2460.00,21.45,25.50,26
910,0.99,2,5.0,100,-10,0,1001,0.62,0.50,2400.00,21.45,25.50,26
911,0.99,2,5.0,100,-10,0,1001,0.15,0.03,2420.00,21.46,25.60,26
912,0.99,2,5.0,100,-10,0,1001,0.36,0.09,2000.00,21.46,25.30,23
913,0.99,2,5.0,100,-10,0,1001,0.05,0.03,2560.00,21.47,25.50,27
914,0.99,2,5.0,100,-10,0,1001,0.08,0.03,2200.00,21.47,25.50,25
915,0.99,2,5.0,100,-10,0,1001,0.45,0.50,2620.00,21.48,25.60,27
916,0.99,2,5.0,100,-10,0,1001,0.33,0.25,2280.00,21.48,25.60,25
917,0.99,2,5.0,100,-10,0,1001,0.38,0.11,2150.00,21.48,25.50,24
918,0.99,2,5.0,100,-10,0,1001,0.15,0.05,2460.00,21.49,25.50,26
919,0.99,2,5.0,100,-10,0,1001,0.08,0.04,2000.00,21.49,25.20,23
920,0.99,2,5.0,100,-10,0,1001,0.45,1.00,2040.00,21.49,24.90,23
921,0.99,2,5.0,100,-10,0,1001,0.20,0.25,2450.00,21.50,24.90,26
922,0.99,2,5.0,100,-10,0,1001,0.56,0.20,2310.00,21.50,25.10,25
923,0.99,2,5.0,100,-10,0,1001,0.14,0.17,2630.00,21.51,25.10,27
924,0.99,2,5.0,100,-10,0,1001,0.05,0.10,2250.00,21.51,25.00,24
925,0.99,2,5.0,100,-10,0,1001,0.38,0.50,2440.00,21.51,24.90,26
926,0.99,2,5.0,100,-10,0,1001,0.05,0.03,2700.00,21.52,25.20,28
927,0.99,2,5.0,100,-10,0,1001,0.14,0.03,2330.00,21.52,25.30,25
928,0.99,2,5.0,100,-10,0,1001,0.10,0.01,2760.00,21.53,25.50,28
929,0.99,2,5.0,100,-10,0,1001,0.36,0.25,2280.00,21.53,25.70,25
930,0.99,2,5.0,100,-10,0,1001,0.56,0.33,2430.00,21.54,26.00,26
931,0.99,2,5.0,100,-10,0,1001,0.33,0.25,2210.00,21.54,25.90,25
932,0.99,2,5.0,100,-10,0,1001,0.71,0.25,2150.00,21.55,25.80,24
933,0.99,2,5.0,100,-10,0,1001,0.36,0.25,2380.00,21.55,25.60,25
934,0.99,2,5.0,100,-10,0,1001,0.20,0.20,2070.00,21.55,25.50,23
935,0.99,2,5.0,100,-10,0,1001,0.56,0.25,2600.00,21.56,25.60,27
936,0.99,2,5.0,100,-10,0,1001,0.05,0.01,2360.00,21.56,25.30,25
937,0.99,2,5.0,100,-10,0,1001,0.11,0.01,2270.00,21.56,25.20,24
938,0.99,2,5.0,100,-10,0,1001,0.17,0.05,2530.00,21.57,25.00,26
939,0.99,2,5.0,100,-10,0,1001,0.05,0.05,2100.00,21.57,24.90,24
940,0.99,2,5.0,100,-10,0,1001,0.45,0.05,2590.00,21.58,25.00,27
941,0.99,2,5.0,100,-10,0,1001,0.71,1.00,2380.00,21.58,25.00,25
942,0.99,2,5.0,100,-10,0,1001,0.83,1.00,2450.00,21.58,25.20,26
943,0.99,2,5.0,100,-10,0,1001,0.42,0.20,2500.00,21.59,25.30,26
944,0.99,2,5.0,100,-10,0,1001,0.10,0.04,2500.00,21.59,25.60,26
945,0.99,2,5.0,100,-10,0,1001,0.11,0.04,2210.00,21.60,25.30,24
946,0.99,2,5.0,100,-10,0,1001,0.50,0.33,2370.00,21.60,25.30,25
947,0.99,2,5.0,100,-10,0,1001,0.33,0.08,1980.00,21.60,25.20,23
948,0.99,2,5.0,100,-10,0,1001,0.45,1.00,2210.00,21.60,25.10,25
949,0.99,2,5.0,100,-10,0,1001,0.56,0.17,2600.00,21.61,25.40,27
950,0.99,2,5.0,100,-10,0,1001,0.05,0.01,2470.00,21.62,25.30,26
951,0.99,2,5.0,100,-10,0,1001,0.10,0.05,2180.00,21.62,25.20,24
952,0.99,2,5.0,100,-10,0,1001,0.05,0.01,2290.00,21.62,25.10,25
953,0.99,2,5.0,100,-10,0,1001,0.19,0.10,2450.00,21.63,25.10,26
954,0.99,2,5.0,100,-10,0,1001,0.05,0.03,2140.00,21.63,24.90,24
955,0.99,2,5.0,100,-10,0,1001,0.42,0.20,2350.00,21.63,25.00,25
956,0.99,2,5.0,100,-10,0,1001,0.10,0.07,1930.00,21.63,24.70,22
957,0.99,2,5.0,100,-10,0,1001,0.33,0.20,1870.00,21.63,24.60,22
958,0.99,2,5.0,100,-10,0,1001,0.05,0.03,2090.00,21.63,24.40,23
959,0.99,2,5.0,100,-10,0,1001,0.26,0.06,2340.00,21.64,24.20,25
960,0.99,2,5.0,100,-10,0,1001,0.05,0.03,2340.00,21.64,24.10,25
961,0.99,2,5.0,100,-10,0,1001,0.05,0.03,2220.00,21.64,24.20,25
962,0.99,2,5.0,100,-10,0,1001,0.05,0.01,1990.00,21.65,24.10,24
963,0.99,2,5.0,100,-10,0,1001,0.31,0.05,2180.00,21.65,23.90,24
964,0.99,2,5.0,100,-10,0,1001,0.05,0.01,2280.00,21.65,24.00,25
965,0.99,2,5.0,100,-10,0,1001,0.50,0.25,2330.00,21.66,24.10,26
966,0.99,2,5.0,100,-10,0,1001,0.29,0.04,2500.00,21.66,24.50,26
967,0.99,2,5.0,100,-10,0,1001,0.04,0.01,2470.00,21.67,24.90,26
968,0.99,2,5.0,100,-10,0,1001,0.31,0.08,1870.00,21.67,24.80,22
969,0.99,2,5.0,100,-10,0,1001,0.14,0.07,2370.00,21.67,24.80,25
970,0.99,2,5.0,100,-10,0,1001,0.18,0.17,2360.00,21.67,24.80,25
971,0.99,2,5.0,100,-10,0,1001,0.04,0.02,2450.00,21.68,24.90,26
972,0.99,2,5.0,100,-10,0,1001,0.04,0.03,2370.00,21.68,25.00,25
973,0.99,2,5.0,100,-10,0,1001,0.09,0.01,2290.00,21.68,25.10,25
974,0.99,2,5.0,100,-10,0,1001,0.14,0.05,2030.00,21.69,24.90,23
975,0.99,2,5.0,100,-10,0,1001,0.14,0.03,2220.00,21.69,24.80,25
976,0.99,2,5.0,100,-10,0,1001,0.42,0.14,2290.00,21.69,24.70,25
977,0.99,2,5.0,100,-10,0,1001,0.04,0.04,2370.00,21.70,24.60,25
978,0.99,2,5.0,100,-10,0,1001,0.04,0.02,2460.00,21.70,25.00,26
979,0.99,2,5.0,100,-10,0,1001,0.14,0.02,2420.00,21.71,25.10,26
980,0.99,2,5.0,100,-10,0,1001,0.25,0.20,2340.00,21.71,25.10,25
981,0.99,2,5.0,100,-10,0,1001,0.14,0.05,2220.00,21.71,24.90,24
982,0.99,2,5.0,100,-10,0,1001,0.09,0.03,2120.00,21.71,24.80,24
983,0.99,2,5.0,100,-10,0,1001,0.08,0.02,2200.00,21.72,24.70,24
984,0.99,2,5.0,100,-10,0,1001,0.04,0.04,2590.00,21.72,25.10,27
985,0.99,2,5.0,100,-10,0,1001,0.04,0.04,2140.00,21.72,25.00,24
986,0.99,2,5.0,100,-10,0,1001,0.36,0.11,2570.00,21.73,25.20,27
987,0.99,2,5.0,100,-10,0,1001,0.08,0.03,2520.00,21.73,25.30,26
988,0.99,2,5.0,100,-10,0,1001,0.04,0.04,2350.00,21.74,25.20,25
989,0.99,2,5.0,100,-10,0,1001,0.17,0.05,2010.00,21.74,24.90,23
990,0.99,2,5.0,100,-10,0,1001,0.13,0.08,2290.00,21.74,24.90,25
991,0.99,2,5.0,100,-10,0,1001,0.50,0.50,2390.00,21.74,25.00,25
992,0.99,2,5.0,100,-10,0,1001,0.08,0.03,1910.00,21.74,24.80,22
993,0.99,2,5.0,100,-10,0,1001,0.11,0.04,2300.00,21.75,24.90,25
994,0.99,2,5.0,100,-10,0,1001,0.04,0.04,2220.00,21.75,24.60,24
995,0.99,2,5.0,100,-10,0,1001,0.28,0.03,2350.00,21.75,24.70,25
996,0.99,2,5.0,100,-10,0,1001,0.10,0.12,2560.00,21.76,24.70,27
997,0.99,2,5.0,100,-10,0,1001,0.13,0.11,2360.00,21.76,24.60,25
998,0.99,2,5.0,100,-10,0,1001,0.08,0.03,2210.00,21.76,24.60,25
999,0.99,2,5.0,100,-10,0,1001,0.22,0.05,2030.00,21.77,24.60,23
1000,0.99,2,5.0,100,-10,0,1001,0.10,0.02,1980.00,21.77,24.30,22
