Epsilon;Alpha;Gamma;Epochs_learn;Penalties_learn;Epochs_eval;Penalties_eval;Worked
0.15;0.05;0.35;1953066;89536;1301;0;True
0.15;0.05;0.36;1948198;88953;1310;0;True
0.15;0.05;0.37;1939543;89269;1278;0;True
0.15;0.05;0.38;1931277;88440;1289;0;True
0.15;0.05;0.39;1929364;88603;1328;0;True
0.15;0.05;0.4;1919127;87804;1270;0;True
0.15;0.05;0.41000000000000003;1915437;87940;1263;0;True
0.15;0.05;0.42000000000000004;1906202;87041;1323;0;True
0.15;0.05;0.43000000000000005;1904952;87395;1334;0;True
0.15;0.05;0.44000000000000006;1898829;87117;1316;0;True
0.15;0.05;0.45000000000000007;1889959;86315;1282;0;True
0.15;0.060000000000000005;0.35;1887781;86409;1278;0;True
0.15;0.060000000000000005;0.36;1883565;85939;1298;0;True
0.15;0.060000000000000005;0.37;1878365;86155;1334;0;True
0.15;0.060000000000000005;0.38;1871770;85219;1297;0;True
0.15;0.060000000000000005;0.39;1866233;85073;1300;0;True
0.15;0.060000000000000005;0.4;1862307;84937;1301;0;True
0.15;0.060000000000000005;0.41000000000000003;1857444;85578;1295;0;True
0.15;0.060000000000000005;0.42000000000000004;1851584;84232;1334;0;True
0.15;0.060000000000000005;0.43000000000000005;1846590;83867;1311;0;True
0.15;0.060000000000000005;0.44000000000000006;1841386;83415;1260;0;True
0.15;0.060000000000000005;0.45000000000000007;1839547;84162;1339;0;True
0.15;0.07;0.35;1841785;83995;1347;0;True
0.15;0.07;0.36;1839046;83932;1276;0;True
0.15;0.07;0.37;1833485;83929;1350;0;True
0.15;0.07;0.38;1828779;83640;1343;0;True
0.15;0.07;0.39;1822516;83242;1297;0;True
0.15;0.07;0.4;1818703;83013;1269;0;True
0.15;0.07;0.41000000000000003;1815805;83283;1285;0;True
0.15;0.07;0.42000000000000004;1809071;82281;1303;0;True
0.15;0.07;0.43000000000000005;1805244;81694;1241;0;True
0.15;0.07;0.44000000000000006;1803147;81595;1311;0;True
0.15;0.07;0.45000000000000007;1798751;81875;1296;0;True
0.15;0.08000000000000002;0.35;1808420;82199;1271;0;True
0.15;0.08000000000000002;0.36;1803025;82143;1299;0;True
0.15;0.08000000000000002;0.37;1800787;82084;1292;0;True
0.15;0.08000000000000002;0.38;1795502;81288;1312;0;True
0.15;0.08000000000000002;0.39;1792096;81581;1325;0;True
0.15;0.08000000000000002;0.4;1787468;81485;1280;0;True
0.15;0.08000000000000002;0.41000000000000003;1783717;81324;1276;0;True
0.15;0.08;0.42;1781103;81087;1316;0;True
0.15;0.08;0.43;1775792;80593;1325;0;True
0.15;0.08;0.44;1771787;80999;1318;0;True
0.15;0.08;0.45;1769185;80811;1326;0;True
0.15;0.09;0.35;1782738;81267;1286;0;True
0.15;0.09;0.36;1776066;80451;1327;0;True
0.15;0.09;0.37;1772678;81084;1313;0;True
0.15;0.09;0.38;1770866;80941;1275;0;True
0.15;0.09;0.39;1765862;80298;1322;0;True
0.15;0.09;0.4;1763572;80108;1332;0;True
0.15;0.09;0.41000000000000003;1757828;79802;1298;0;True
0.15;0.09;0.42000000000000004;1757793;80076;1295;0;True
0.15;0.09;0.43000000000000005;1749816;79256;1333;0;True
0.15;0.09;0.44000000000000006;1750463;79681;1242;0;True
0.15;0.09;0.45000000000000007;1743953;78835;1309;0;True
0.15;0.09999999999999999;0.35;1757408;79857;1297;0;True
0.15;0.09999999999999999;0.36;1755620;80223;1325;0;True
0.15;0.09999999999999999;0.37;1753070;79771;1338;0;True
0.15;0.09999999999999999;0.38;1751343;80210;1315;0;True
0.15;0.09999999999999999;0.39;1746440;79152;1305;0;True
0.15;0.09999999999999999;0.4;1742853;78970;1303;0;True
0.15;0.09999999999999999;0.41000000000000003;1740476;78668;1281;0;True
0.15;0.09999999999999999;0.42000000000000004;1738305;78802;1339;0;True
0.15;0.09999999999999999;0.43000000000000005;1734014;78742;1260;0;True
0.15;0.09999999999999999;0.44000000000000006;1732749;78398;1306;0;True
0.15;0.09999999999999999;0.45000000000000007;1728575;78086;1299;0;True
0.15;0.10999999999999999;0.35;1739427;78967;1343;0;True
0.15;0.10999999999999999;0.36;1738053;78780;1338;0;True
0.15;0.10999999999999999;0.37;1734321;79188;1321;0;True
0.15;0.10999999999999999;0.38;1731637;78989;1301;0;True
0.15;0.10999999999999999;0.39;1727876;78609;1271;0;True
0.15;0.10999999999999999;0.4;1728128;78951;1297;0;True
0.15;0.10999999999999999;0.41000000000000003;1725402;78241;1290;0;True
0.15;0.10999999999999999;0.42000000000000004;1721305;78009;1279;0;True
0.15;0.10999999999999999;0.43000000000000005;1718770;78046;1327;0;True
0.15;0.10999999999999999;0.44000000000000006;1713433;77460;1351;0;True
0.15;0.10999999999999999;0.45000000000000007;1714556;77492;1293;0;True
0.15;0.11999999999999998;0.35;1726563;78143;1309;0;True
0.15;0.11999999999999998;0.36;1722368;78185;1341;0;True
0.15;0.11999999999999998;0.37;1720339;77790;1252;0;True
0.15;0.11999999999999998;0.38;1720066;77680;1303;0;True
0.15;0.11999999999999998;0.39;1716457;77697;1295;0;True
0.15;0.11999999999999998;0.4;1714664;77704;1300;0;True
0.15;0.11999999999999998;0.41000000000000003;1709470;77271;1330;0;True
0.15;0.11999999999999998;0.42000000000000004;1705398;76625;1342;0;True
0.15;0.11999999999999998;0.43000000000000005;1704635;77182;1316;0;True
0.15;0.11999999999999998;0.44000000000000006;1705319;77190;1340;0;True
0.15;0.11999999999999998;0.45000000000000007;1702683;77299;1269;0;True
0.15;0.12999999999999998;0.35;1713188;77904;1335;0;True
0.15;0.12999999999999998;0.36;1711699;77371;1283;0;True
0.15;0.12999999999999998;0.37;1710460;77532;1310;0;True
0.15;0.12999999999999998;0.38;1707899;77163;1263;0;True
0.15;0.12999999999999998;0.39;1703472;77018;1353;0;True
0.15;0.12999999999999998;0.4;1703023;77415;1291;0;True
0.15;0.12999999999999998;0.41000000000000003;1699230;77358;1280;0;True
0.15;0.12999999999999998;0.42000000000000004;1697351;76278;1336;0;True
0.15;0.12999999999999998;0.43000000000000005;1693744;76526;1320;0;True
0.15;0.12999999999999998;0.44000000000000006;1692490;76604;1300;0;True
0.15;0.12999999999999998;0.45000000000000007;1692070;76452;1285;0;True
0.15;0.13999999999999996;0.35;1702951;77086;1267;0;True
0.15;0.13999999999999996;0.36;1702381;77155;1266;0;True
0.15;0.13999999999999996;0.37;1698520;76688;1300;0;True
0.15;0.13999999999999996;0.38;1695813;76814;1261;0;True
0.15;0.13999999999999996;0.39;1691729;76557;1351;0;True
0.15;0.13999999999999996;0.4;1692780;76860;1294;0;True
0.15;0.13999999999999996;0.41000000000000003;1689842;76375;1319;0;True
0.15;0.13999999999999996;0.42000000000000004;1687136;76083;1333;0;True
0.15;0.13999999999999996;0.43000000000000005;1687685;76562;1325;0;True
0.15;0.13999999999999996;0.44000000000000006;1685525;76315;1276;0;True
0.15;0.13999999999999996;0.45000000000000007;1684175;76387;1256;0;True
0.15;0.15;0.35;1692792;76685;1343;0;True
0.15;0.15;0.36;1691610;76651;1275;0;True
0.15;0.15;0.37;1689612;76241;1275;0;True
0.15;0.15;0.38;1687411;75814;1288;0;True
0.15;0.15;0.39;1686578;76427;1308;0;True
0.15;0.15;0.4;1683697;76359;1287;0;True
0.15;0.15;0.41000000000000003;1682715;76713;1340;0;True
0.15;0.15;0.42000000000000004;1680670;76049;1282;0;True
0.15;0.15;0.43000000000000005;1679366;75757;1277;0;True
0.15;0.15;0.44000000000000006;1675871;75819;1290;0;True
0.15;0.15;0.45000000000000007;1675260;76343;1323;0;True
0.16;0.05;0.35;1974266;97127;1297;0;True
0.16;0.05;0.36;1968622;96535;1277;0;True
0.16;0.05;0.37;1962011;96248;1288;0;True
0.16;0.05;0.38;1956674;95240;1324;0;True
0.16;0.05;0.39;1949555;95130;1319;0;True
0.16;0.05;0.4;1941210;94920;1289;0;True
0.16;0.05;0.41000000000000003;1935242;94602;1301;0;True
0.16;0.05;0.42000000000000004;1928403;93943;1314;0;True
0.16;0.05;0.43000000000000005;1923308;93884;1287;0;True
0.16;0.05;0.44000000000000006;1917968;93314;1290;0;True
0.16;0.05;0.45000000000000007;1913079;93265;1278;0;True
0.16;0.060000000000000005;0.35;1911835;93238;1279;0;True
0.16;0.060000000000000005;0.36;1903380;92622;1333;0;True
0.16;0.060000000000000005;0.37;1899670;92681;1292;0;True
0.16;0.060000000000000005;0.38;1892720;92328;1321;0;True
0.16;0.060000000000000005;0.39;1887949;91963;1322;0;True
0.16;0.060000000000000005;0.4;1882883;91614;1355;0;True
0.16;0.060000000000000005;0.41000000000000003;1878768;91400;1286;0;True
0.16;0.060000000000000005;0.42000000000000004;1872488;91360;1257;0;True
0.16;0.060000000000000005;0.43000000000000005;1869203;91705;1323;0;True
0.16;0.060000000000000005;0.44000000000000006;1867320;90724;1295;0;True
0.16;0.060000000000000005;0.45000000000000007;1860832;90237;1309;0;True
0.16;0.07;0.35;1864611;90633;1286;0;True
0.16;0.07;0.36;1860099;90356;1298;0;True
0.16;0.07;0.37;1855905;90238;1299;0;True
0.16;0.07;0.38;1850911;90229;1327;0;True
0.16;0.07;0.39;1845113;89757;1296;0;True
0.16;0.07;0.4;1841179;89654;1271;0;True
0.16;0.07;0.41000000000000003;1835585;88792;1366;0;True
0.16;0.07;0.42000000000000004;1828770;88135;1369;0;True
0.16;0.07;0.43000000000000005;1831766;89055;1312;0;True
0.16;0.07;0.44000000000000006;1825577;88508;1264;0;True
0.16;0.07;0.45000000000000007;1822759;88739;1318;0;True
0.16;0.08000000000000002;0.35;1831959;89242;1298;0;True
0.16;0.08000000000000002;0.36;1824736;88723;1335;0;True
0.16;0.08000000000000002;0.37;1821848;88665;1307;0;True
0.16;0.08000000000000002;0.38;1815752;88163;1303;0;True
0.16;0.08000000000000002;0.39;1812658;87751;1327;0;True
0.16;0.08000000000000002;0.4;1809158;87842;1309;0;True
0.16;0.08000000000000002;0.41000000000000003;1805335;87156;1309;0;True
0.16;0.08000000000000002;0.42000000000000004;1801694;87196;1303;0;True
0.16;0.08000000000000002;0.43000000000000005;1797957;87202;1355;0;True
0.16;0.08000000000000002;0.44000000000000006;1791688;86402;1266;0;True
0.16;0.08000000000000002;0.45000000000000007;1792070;86970;1258;0;True
0.16;0.09000000000000001;0.35;1800173;87732;1332;0;True
0.16;0.09000000000000001;0.36;1797937;87813;1302;0;True
0.16;0.09000000000000001;0.37;1793283;86800;1291;0;True
0.16;0.09000000000000001;0.38;1791439;86743;1279;0;True
0.16;0.09000000000000001;0.39;1788799;85935;1261;0;True
0.16;0.09000000000000001;0.4;1785225;86779;1336;0;True
0.16;0.09000000000000001;0.41000000000000003;1780424;86159;1248;0;True
0.16;0.09000000000000001;0.42000000000000004;1776127;85800;1316;0;True
0.16;0.09000000000000001;0.43000000000000005;1771967;85700;1323;0;True
0.16;0.09000000000000001;0.44000000000000006;1772517;85367;1338;0;True
0.16;0.09000000000000001;0.45000000000000007;1769234;85709;1293;0;True
0.16;0.1;0.35;1779529;86049;1220;0;True
0.16;0.1;0.36;1779116;86439;1293;0;True
0.16;0.1;0.37;1773661;85904;1326;0;True
0.16;0.1;0.38;1770519;85488;1303;0;True
0.16;0.1;0.39;1767328;84978;1318;0;True
0.16;0.1;0.4;1763620;85398;1294;0;True
0.16;0.1;0.41000000000000003;1763863;85186;1338;0;True
0.16;0.1;0.42000000000000004;1759358;85773;1327;0;True
0.16;0.1;0.43000000000000005;1755361;84451;1328;0;True
0.16;0.1;0.44000000000000006;1754076;84964;1335;0;True
0.16;0.1;0.45000000000000007;1751233;84843;1312;0;True
0.16;0.11000000000000001;0.35;1764165;85735;1292;0;True
0.16;0.11000000000000001;0.36;1758100;84801;1252;0;True
0.16;0.11000000000000001;0.37;1757131;85329;1308;0;True
0.16;0.11000000000000001;0.38;1755966;85562;1322;0;True
0.16;0.11000000000000001;0.39;1750274;84443;1261;0;True
0.16;0.11000000000000001;0.4;1748289;84430;1359;0;True
0.16;0.11000000000000001;0.41000000000000003;1746710;84534;1249;0;True
0.16;0.11000000000000001;0.42000000000000004;1744699;84909;1297;0;True
0.16;0.11000000000000001;0.43000000000000005;1740954;84199;1269;0;True
0.16;0.11000000000000001;0.44000000000000006;1740617;84119;1313;0;True
0.16;0.11000000000000001;0.45000000000000007;1734613;84094;1316;0;True
0.16;0.12000000000000001;0.35;1745904;83986;1332;0;True
0.16;0.12000000000000001;0.36;1743086;83962;1271;0;True
0.16;0.12000000000000001;0.37;1742804;84252;1334;0;True
0.16;0.12000000000000001;0.38;1739426;84062;1334;0;True
0.16;0.12000000000000001;0.39;1736180;84203;1312;0;True
0.16;0.12000000000000001;0.4;1735191;83683;1313;0;True
0.16;0.12000000000000001;0.41000000000000003;1732272;83759;1289;0;True
0.16;0.12000000000000001;0.42000000000000004;1728746;82821;1308;0;True
0.16;0.12000000000000001;0.43000000000000005;1727827;83229;1298;0;True
0.16;0.12000000000000001;0.44000000000000006;1724342;82756;1336;0;True
0.16;0.12000000000000001;0.45000000000000007;1720618;83567;1263;0;True
0.16;0.13;0.35;1736137;84044;1355;0;True
0.16;0.13;0.36;1735334;83587;1316;0;True
0.16;0.13;0.37;1730788;83371;1334;0;True
0.16;0.13;0.38;1727528;82963;1319;0;True
0.16;0.13;0.39;1726553;83249;1342;0;True
0.16;0.13;0.4;1723246;82988;1346;0;True
0.16;0.13;0.41000000000000003;1718140;83405;1354;0;True
0.16;0.13;0.42000000000000004;1716674;82600;1288;0;True
0.16;0.13;0.43000000000000005;1717978;82755;1288;0;True
0.16;0.13;0.44000000000000006;1712214;81921;1321;0;True
0.16;0.13;0.45000000000000007;1712639;82380;1305;0;True
0.16;0.14;0.35;1724584;83377;1315;0;True
0.16;0.14;0.36;1721824;83489;1314;0;True
0.16;0.14;0.37;1718568;82675;1317;0;True
0.16;0.14;0.38;1718735;82683;1290;0;True
0.16;0.14;0.39;1714527;83087;1340;0;True
0.16;0.14;0.4;1715484;83074;1325;0;True
0.16;0.14;0.41000000000000003;1708897;82430;1296;0;True
0.16;0.14;0.42000000000000004;1706175;82147;1319;0;True
0.16;0.14;0.43000000000000005;1705862;81754;1288;0;True
0.16;0.14;0.44000000000000006;1707348;82583;1301;0;True
0.16;0.14;0.45000000000000007;1704491;82554;1299;0;True
0.16;0.15;0.35;1716016;82920;1314;0;True
0.16;0.15;0.36;1714839;82705;1280;0;True
0.16;0.15;0.37;1709931;82437;1257;0;True
0.16;0.15;0.38;1709867;82533;1318;0;True
0.16;0.15;0.39;1706698;82856;1274;0;True
0.16;0.15;0.4;1703037;82337;1300;0;True
0.16;0.15;0.41000000000000003;1703286;81866;1326;0;True
0.16;0.15;0.42000000000000004;1700299;81444;1308;0;True
0.16;0.15;0.43000000000000005;1695678;81376;1312;0;True
0.16;0.15;0.44000000000000006;1696726;81651;1322;0;True
0.16;0.15;0.45000000000000007;1695357;81917;1326;0;True
0.17;0.05;0.35;1997217;103360;1303;0;True
0.17;0.05;0.36;1993439;103660;1337;0;True
0.17;0.05;0.37;1983596;102580;1343;0;True
0.17;0.05;0.38;1977756;102470;1314;0;True
0.17;0.05;0.39;1970866;101778;1294;0;True
0.17;0.05;0.4;1967640;101908;1281;0;True
0.17;0.05;0.41000000000000003;1957709;101245;1321;0;True
0.17;0.05;0.42000000000000004;1950584;100846;1300;0;True
0.17;0.05;0.43000000000000005;1944930;100513;1280;0;True
0.17;0.05;0.44000000000000006;1937398;100607;1318;0;True
0.17;0.05;0.45000000000000007;1935260;100226;1353;0;True
0.17;0.060000000000000005;0.35;1931516;99697;1344;0;True
0.17;0.060000000000000005;0.36;1926959;99798;1315;0;True
0.17;0.060000000000000005;0.37;1923500;99511;1298;0;True
0.17;0.060000000000000005;0.38;1918193;98425;1332;0;True
0.17;0.060000000000000005;0.39;1913728;99193;1341;0;True
0.17;0.060000000000000005;0.4;1904647;98065;1322;0;True
0.17;0.060000000000000005;0.41000000000000003;1898612;97988;1351;0;True
0.17;0.060000000000000005;0.42000000000000004;1896104;97901;1262;0;True
0.17;0.060000000000000005;0.43000000000000005;1889430;97077;1335;0;True
0.17;0.060000000000000005;0.44000000000000006;1885790;97741;1303;0;True
0.17;0.060000000000000005;0.45000000000000007;1881510;97391;1339;0;True0.17;0.07;0.35;1885792;97279;1302;0;True0.17;0.07;0.36;1880370;97085;1293;0;True0.17;0.07;0.37;1876410;96914;1250;0;True0.17;0.07;0.38;1872956;96589;1316;0;True0.17;0.07;0.39;1868837;96820;1294;0;True0.17;0.07;0.4;1863359;96516;1297;0;True0.17;0.07;0.41000000000000003;1857372;95756;1270;0;True0.17;0.07;0.42000000000000004;1854591;95407;1281;0;True0.17;0.07;0.43000000000000005;1851309;95492;1294;0;True0.17;0.07;0.44000000000000006;1845630;94602;1360;0;True0.17;0.07;0.45000000000000007;1841111;95223;1327;0;True0.17;0.08;0.35;1849591;95655;1309;0;True0.17;0.08;0.36;1846259;95215;1318;0;True0.17;0.08;0.37;1844648;95526;1324;0;True0.17;0.08;0.38;1839009;94837;1319;0;True0.17;0.08;0.39;1835204;94710;1296;0;True0.17;0.08;0.4;1831267;94612;1283;0;True0.17;0.08;0.41000000000000003;1824909;93599;1359;0;True0.17;0.08;0.42000000000000004;1825148;94127;1287;0;True0.17;0.08;0.43000000000000005;1820087;93414;1344;0;True0.17;0.08;0.44000000000000006;1816547;93802;1327;0;True0.17;0.08;0.45000000000000007;1810499;93168;1282;0;True0.17;0.09;0.35;1821431;93091;1305;0;True0.17;0.09;0.36;1818371;93026;1314;0;True0.17;0.09;0.37;1817514;93395;1310;0;True0.17;0.09;0.38;1814181;93151;1293;0;True0.17;0.09;0.39;1808596;93678;1319;0;True0.17;0.09;0.4;1805635;92504;1323;0;True0.17;0.09;0.41000000000000003;1803410;92528;1297;0;True0.17;0.09;0.42000000000000004;1799507;92935;1302;0;True0.17;0.09;0.43000000000000005;1796944;92512;1284;0;True0.17;0.09;0.44000000000000006;1792482;92551;1292;0;True0.17;0.09;0.45000000000000007;1789201;92199;1303;0;True0.17;0.09999999999999999;0.35;1802269;92197;1262;0;True0.17;0.09999999999999999;0.36;1797577;92792;1286;0;True0.17;0.09999999999999999;0.37;1794826;91729;1289;0;True0.17;0.09999999999999999;0.38;1793218;92450;1321;0;True0.17;0.09999999999999999;0.39;1788266;91674;1339;0;True0.17;0.09999999999999999;0.4;1786053;92115;1310;0;True0.17;0.09999999999999999;0.41000000000000003;1781439;91539;1300;0;True0.17;0.09999999999999999;0.42000000000000004;1779999;90973;1343;0;True0.17;0.09999999999999999;0.43000000000000005;1778149;91372;1277;0;True0.17;0.09999999999999999;0.44000000000000006;1774057;90808;1259;0;True0.17;0.09999999999999999;0.45000000000000007;1772444;91323;1343;0;True0.17;0.10999999999999999;0.35;1782629;91824;1327;0;True0.17;0.10999999999999999;0.36;1783361;91489;1284;0;True0.17;0.10999999999999999;0.37;1779795;91382;1300;0;True0.17;0.10999999999999999;0.38;1777870;92009;1292;0;True0.17;0.10999999999999999;0.39;1772035;90744;1343;0;True0.17;0.10999999999999999;0.4;1770789;90910;1345;0;True0.17;0.10999999999999999;0.41000000000000003;1767224;90978;1329;0;True0.17;0.10999999999999999;0.42000000000000004;1765076;90858;1298;0;True0.17;0.10999999999999999;0.43000000000000005;1763908;90430;1285;0;True0.17;0.10999999999999999;0.44000000000000006;1761465;90490;1329;0;True0.17;0.10999999999999999;0.45000000000000007;1754912;90088;1253;0;True0.17;0.11999999999999998;0.35;1772912;91487;1275;0;True0.17;0.11999999999999998;0.36;1766851;90243;1236;0;True0.17;0.11999999999999998;0.37;1767177;91096;1275;0;True0.17;0.11999999999999998;0.38;1762268;90373;1326;0;True0.17;0.11999999999999998;0.39;1757973;90107;1334;0;True0.17;0.11999999999999998;0.4;1756253;89810;1265;0;True0.17;0.11999999999999998;0.41000000000000003;1755467;90488;1296;0;True0.17;0.11999999999999998;0.42000000000000004;1752022;90107;1277;0;True0.17;0.11999999999999998;0.43000000000000005;1749012;90365;1323;0;True0.17;0.11999999999999998;0.44000000000000006;1746989;90096;1296;0;True0.17;0.11999999999999998;0.45000000000000007;1743582;89077;1273;0;True0.17;0.12999999999999998;0.35;1759878;90337;1304;0;True0.17;0.12999999999999998;0.36;1752605;90302;1328;0;True0.17;0.12999999999999998;0.37;1750826;89673;1316;0;True0.17;0.12999999999999998;0.38;1748545;89960;1326;0;True0.17;0.12999999999999998;0.39;1747370;90021;1316;0;True0.17;0.12999999999999998;0.4;1745011;89437;1314;0;True0.17;0.12999999999999998;0.41000000000000003;1744298;89197;1315;0;True0.17;0.12999999999999998;0.42000000000000004;1740775;89376;1290;0;True0.17;0.12999999999999998;0.43000000000000005;1740769;89572;1304;0;True0.17;0.12999999999999998;0.44000000000000006;1740506;89310;1266;0;True0.17;0.12999999999999998;0.45000000000000007;1733767;89209;1329;0;True0.17;0.13999999999999996;0.35;1748544;89232;1311;0;True0.17;0.13999999999999996;0.36;1744830;89529;1309;0;True0.17;0.13999999999999996;0.37;1740575;88858;1335;0;True0.17;0.13999999999999996;0.38;1741361;89230;1320;0;True0.17;0.13999999999999996;0.39;1737637;88682;1285;0;True0.17;0.13999999999999996;0.4;1735842;88827;1320;0;True0.17;0.13999999999999996;0.41000000000000003;1729286;88300;1333;0;True0.17;0.13999999999999996;0.42000000000000004;1730679;88663;1349;0;True0.17;0.13999999999999996;0.43000000000000005;1728507;88561;1313;0;True0.17;0.13999999999999996;0.44000000000000006;1728295;87740;1339;0;True0.17;0.13999999999999996;0.45000000000000007;1725741;88685;1322;0;True0.17;0.15;0.35;1736424;89251;1308;0;True0.17;0.15;0.36;1734385;88716;1334;0;True0.17;0.15;0.37;1734144;88887;1307;0;True0.17;0.15;0.38;1731148;88376;1297;0;True0.17;0.15;0.39;1730229;88393;1304;0;True0.17;0.15;0.4;1726469;88442;1268;0;True0.17;0.15;0.41000000000000003;1721680;87787;1296;0;True0.17;0.15;0.42000000000000004;1721179;87810;1323;0;True0.17;0.15;0.43000000000000005;1721249;88333;1274;0;True0.17;0.15;0.44000000000000006;1716815;87843;1298;0;True0.17;0.15;0.45000000000000007;1717374;87952;1313;0;True0.18;0.05;0.35;2024177;111121;1306;0;True0.18;0.05;0.36;2014392;110367;1279;0;True0.18;0.05;0.37;2008067;110658;1292;0;True0.18;0.05;0.38;1998134;109421;1323;0;True0.18;0.05;0.39;1992675;109371;1346;0;True0.18;0.05;0.4;1988966;109041;1308;0;True0.18;0.05;0.41000000000000003;1977727;108284;1285;0;True0.18;0.05;0.42000000000000004;1977821;109211;1309;0;True0.18;0.05;0.43000000000000005;1970382;107847;1322;0;True0.18;0.05;0.44000000000000006;1962874;107258;1294;0;True0.18;0.05;0.45000000000000007;1960506;107466;1329;0;True0.18;0.060000000000000005;0.35;1954608;106571;1310;0;True0.18;0.060000000000000005;0.36;1948958;106588;1292;0;True0.18;0.060000000000000005;0.37;1945177;107058;1300;0;True0.18;0.060000000000000005;0.38;1939103;105939;1337;0;True0.18;0.060000000000000005;0.39;1936575;106477;1367;0;True0.18;0.060000000000000005;0.4;1925953;105290;1328;0;True0.18;0.060000000000000005;0.41000000000000003;1923131;105156;1289;0;True0.18;0.060000000000000005;0.42000000000000004;1919566;104707;1308;0;True0.18;0.060000000000000005;0.43000000000000005;1913861;105134;1321;0;True0.18;0.060000000000000005;0.44000000000000006;1907251;104348;1354;0;True0.18;0.060000000000000005;0.45000000000000007;1904964;104444;1343;0;True0.18;0.07;0.35;1910279;104466;1298;0;True0.18;0.07;0.36;1903450;103627;1308;0;True0.18;0.07;0.37;1901205;103613;1303;0;True0.18;0.07;0.38;1896323;103477;1322;0;True0.18;0.07;0.39;1889494;103713;1307;0;True0.18;0.07;0.4;1886902;102905;1278;0;True0.18;0.07;0.41000000000000003;1881422;102569;1339;0;True0.18;0.07;0.42000000000000004;1877387;102520;1261;0;True0.18;0.07;0.43000000000000005;1870997;101667;1297;0;True0.18;0.07;0.44000000000000006;1869265;102012;1302;0;True0.18;0.07;0.45000000000000007;1863639;101584;1284;0;True0.18;0.08000000000000002;0.35;1872246;101917;1339;0;True0.18;0.08000000000000002;0.36;1868696;101222;1282;0;True0.18;0.08000000000000002;0.37;1864384;100900;1273;0;True0.18;0.08000000000000002;0.38;1864195;101838;1335;0;True0.18;0.08000000000000002;0.39;1857267;101069;1313;0;True0.18;0.08000000000000002;0.4;1855115;100854;1298;0;True0.18;0.08000000000000002;0.41000000000000003;1849699;100262;1295;0;True0.18;0.08000000000000002;0.42000000000000004;1845764;101326;1323;0;True0.18;0.08000000000000002;0.43000000000000005;1843624;100720;1297;0;True0.18;0.08000000000000002;0.44000000000000006;1839980;99685;1288;0;True0.18;0.08000000000000002;0.45000000000000007;1836884;100135;1262;0;True0.18;0.09000000000000001;0.35;1846582;100462;1274;0;True0.18;0.09000000000000001;0.36;1842445;100132;1340;0;True0.18;0.09000000000000001;0.37;1839167;99902;1310;0;True0.18;0.09000000000000001;0.38;1835757;99760;1278;0;True0.18;0.09000000000000001;0.39;1833179;99966;1365;0;True0.18;0.09000000000000001;0.4;1827894;98824;1323;0;True0.18;0.09000000000000001;0.41000000000000003;1828323;99341;1284;0;True0.18;0.09000000000000001;0.42000000000000004;1823884;99404;1315;0;True0.18;0.09000000000000001;0.43000000000000005;1820311;98541;1261;0;True0.18;0.09000000000000001;0.44000000000000006;1817956;99381;1326;0;True0.18;0.09000000000000001;0.45000000000000007;1814249;98267;1323;0;True0.18;0.1;0.35;1825131;99112;1292;0;True0.18;0.1;0.36;1823714;99146;1327;0;True0.18;0.1;0.37;1818369;99646;1292;0;True0.18;0.1;0.38;1817439;99010;1333;0;True0.18;0.1;0.39;1811700;98148;1257;0;True0.18;0.1;0.4;1808772;98396;1283;0;True0.18;0.1;0.41000000000000003;1808086;98626;1312;0;True0.18;0.1;0.42000000000000004;1804772;97856;1323;0;True0.18;0.1;0.43000000000000005;1800957;97347;1293;0;True0.18;0.1;0.44000000000000006;1799036;97654;1292;0;True0.18;0.1;0.45000000000000007;1793307;97623;1338;0;True0.18;0.11000000000000001;0.35;1808109;98061;1297;0;True0.18;0.11000000000000001;0.36;1803241;97938;1286;0;True0.18;0.11000000000000001;0.37;1803613;98252;1287;0;True0.18;0.11000000000000001;0.38;1799258;97935;1225;0;True0.18;0.11000000000000001;0.39;1794257;97327;1313;0;True0.18;0.11000000000000001;0.4;1793082;97694;1295;0;True0.18;0.11000000000000001;0.41000000000000003;1789536;96897;1309;0;True0.18;0.11000000000000001;0.42000000000000004;1787042;97114;1308;0;True0.18;0.11000000000000001;0.43000000000000005;1786761;97308;1298;0;True0.18;0.11000000000000001;0.44000000000000006;1780312;96529;1317;0;True0.18;0.11000000000000001;0.45000000000000007;1780702;96955;1302;0;True0.18;0.12000000000000001;0.35;1790614;96835;1302;0;True0.18;0.12000000000000001;0.36;1789390;97150;1301;0;True0.18;0.12000000000000001;0.37;1789967;97040;1286;0;True0.18;0.12000000000000001;0.38;1783131;96751;1249;0;True0.18;0.12000000000000001;0.39;1781715;96632;1314;0;True0.18;0.12000000000000001;0.4;1779954;96859;1290;0;True0.18;0.12000000000000001;0.41000000000000003;1774735;96427;1298;0;True0.18;0.12000000000000001;0.42000000000000004;1774821;96487;1295;0;True0.18;0.12000000000000001;0.43000000000000005;1772133;96700;1335;0;True0.18;0.12000000000000001;0.44000000000000006;1769990;96250;1279;0;True0.18;0.12000000000000001;0.45000000000000007;1768161;95526;1297;0;True0.18;0.13;0.35;1777778;96324;1320;0;True0.18;0.13;0.36;1778925;96596;1334;0;True0.18;0.13;0.37;1775205;96257;1369;0;True0.18;0.13;0.38;1771067;95786;1288;0;True0.18;0.13;0.39;1767900;95384;1323;0;True0.18;0.13;0.4;1769395;96488;1266;0;True0.18;0.13;0.41000000000000003;1766618;96386;1295;0;True0.18;0.13;0.42000000000000004;1761970;95051;1287;0;True0.18;0.13;0.43000000000000005;1758950;95052;1329;0;True0.18;0.13;0.44000000000000006;1758893;94902;1324;0;True0.18;0.13;0.45000000000000007;1755777;95164;1321;0;True0.18;0.14;0.35;1766336;95213;1273;0;True0.18;0.14;0.36;1768367;96261;1336;0;True0.18;0.14;0.37;1761449;95645;1345;0;True0.18;0.14;0.38;1761478;95641;1297;0;True0.18;0.14;0.39;1758363;95417;1327;0;True0.18;0.14;0.4;1756410;95311;1310;0;True0.18;0.14;0.41000000000000003;1755936;95167;1346;0;True0.18;0.14;0.42000000000000004;1752693;95208;1320;0;True0.18;0.14;0.43000000000000005;1750780;95099;1273;0;True0.18;0.14;0.44000000000000006;1749697;95061;1326;0;True0.18;0.14;0.45000000000000007;1748396;94881;1257;0;True0.18;0.15;0.35;1759038;95349;1295;0;True0.18;0.15;0.36;1753283;95107;1314;0;True0.18;0.15;0.37;1755015;95258;1326;0;True0.18;0.15;0.38;1753193;94997;1317;0;True0.18;0.15;0.39;1751088;94657;1284;0;True0.18;0.15;0.4;1749008;94628;1348;0;True0.18;0.15;0.41000000000000003;1745897;94849;1306;0;True0.18;0.15;0.42000000000000004;1746337;94576;1301;0;True0.18;0.15;0.43000000000000005;1741643;94302;1288;0;True0.18;0.15;0.44000000000000006;1741553;94301;1310;0;True0.18;0.15;0.45000000000000007;1737500;94382;1271;0;True0.19;0.05;0.35;2043659;117726;1328;0;True0.19;0.05;0.36;2038520;117829;1303;0;True0.19;0.05;0.37;2031184;117262;1317;0;True0.19;0.05;0.38;2024982;117312;1334;0;True0.19;0.05;0.39;2018583;117702;1287;0;True0.19;0.05;0.4;2012114;116217;1355;0;True0.19;0.05;0.41000000000000003;2005200;116232;1296;0;True0.19;0.05;0.42000000000000004;1999451;115513;1304;0;True0.19;0.05;0.43000000000000005;1993686;115981;1336;0;True0.19;0.05;0.44000000000000006;1987465;114614;1343;0;True0.19;0.05;0.45000000000000007;1983965;114726;1331;0;True0.19;0.060000000000000005;0.35;1980279;114356;1311;0;True0.19;0.060000000000000005;0.36;1975079;113909;1335;0;True0.19;0.060000000000000005;0.37;1964880;113512;1297;0;True0.19;0.060000000000000005;0.38;1963509;113389;1308;0;True0.19;0.060000000000000005;0.39;1955909;113056;1272;0;True0.19;0.060000000000000005;0.4;1955323;113164;1333;0;True0.19;0.060000000000000005;0.41000000000000003;1948010;112225;1299;0;True0.19;0.060000000000000005;0.42000000000000004;1943235;112073;1342;0;True0.19;0.060000000000000005;0.43000000000000005;1938423;111560;1282;0;True0.19;0.060000000000000005;0.44000000000000006;1931110;111023;1302;0;True0.19;0.060000000000000005;0.45000000000000007;1927480;110823;1330;0;True0.19;0.07;0.35;1931969;111222;1300;0;True0.19;0.07;0.36;1928070;111635;1270;0;True0.19;0.07;0.37;1921665;110570;1319;0;True0.19;0.07;0.38;1917527;110352;1342;0;True0.19;0.07;0.39;1915320;110753;1273;0;True0.19;0.07;0.4;1906526;110116;1334;0;True0.19;0.07;0.41000000000000003;1903749;109439;1282;0;True0.19;0.07;0.42000000000000004;1902697;109940;1322;0;True0.19;0.07;0.43000000000000005;1898232;109533;1308;0;True0.19;0.07;0.44000000000000006;1891623;108827;1288;0;True0.19;0.07;0.45000000000000007;1889265;108677;1327;0;True0.19;0.08000000000000002;0.35;1897311;108997;1301;0;True0.19;0.08000000000000002;0.36;1892878;109038;1314;0;True0.19;0.08000000000000002;0.37;1888886;108534;1285;0;True0.19;0.08000000000000002;0.38;1885267;108546;1327;0;True0.19;0.08000000000000002;0.39;1882752;108444;1279;0;True0.19;0.08000000000000002;0.4;1875743;108407;1251;0;True0.19;0.08000000000000002;0.41000000000000003;1875192;107464;1336;0;True0.19;0.08000000000000002;0.42000000000000004;1870104;107840;1308;0;True0.19;0.08000000000000002;0.43000000000000005;1864927;106729;1311;0;True0.19;0.08000000000000002;0.44000000000000006;1863273;107564;1283;0;True0.19;0.08000000000000002;0.45000000000000007;1859434;106822;1315;0;True0.19;0.09000000000000001;0.35;1869347;107562;1307;0;True0.19;0.09000000000000001;0.36;1868648;107198;1300;0;True0.19;0.09000000000000001;0.37;1860512;106451;1296;0;True0.19;0.09000000000000001;0.38;1861165;106691;1304;0;True0.19;0.09000000000000001;0.39;1855975;106181;1288;0;True0.19;0.09000000000000001;0.4;1852135;106076;1326;0;True0.19;0.09000000000000001;0.41000000000000003;1848355;105985;1334;0;True0.19;0.09000000000000001;0.42000000000000004;1843976;106070;1261;0;True0.19;0.09000000000000001;0.43000000000000005;1840558;105750;1344;0;True0.19;0.09000000000000001;0.44000000000000006;1839342;105113;1275;0;True0.19;0.09000000000000001;0.45000000000000007;1836445;105780;1334;0;True0.19;0.1;0.35;1845227;105902;1344;0;True0.19;0.1;0.36;1843201;105462;1323;0;True0.19;0.1;0.37;1842116;105860;1315;0;True0.19;0.1;0.38;1836932;105369;1300;0;True0.19;0.1;0.39;1837393;105390;1359;0;True0.19;0.1;0.4;1831733;104992;1275;0;True0.19;0.1;0.41000000000000003;1825555;104507;1286;0;True0.19;0.1;0.42000000000000004;1828390;105301;1323;0;True0.19;0.1;0.43000000000000005;1822868;104115;1306;0;True0.19;0.1;0.44000000000000006;1821798;104318;1305;0;True0.19;0.1;0.45000000000000007;1816919;104726;1271;0;True0.19;0.11000000000000001;0.35;1827054;104512;1338;0;True0.19;0.11000000000000001;0.36;1825605;103544;1277;0;True0.19;0.11000000000000001;0.37;1822964;104151;1304;0;True0.19;0.11000000000000001;0.38;1822301;104418;1307;0;True0.19;0.11000000000000001;0.39;1819598;104536;1283;0;True0.19;0.11000000000000001;0.4;1817955;104226;1296;0;True0.19;0.11000000000000001;0.41000000000000003;1812142;103343;1311;0;True0.19;0.11000000000000001;0.42000000000000004;1810892;103871;1324;0;True0.19;0.11000000000000001;0.43000000000000005;1809740;104401;1339;0;True0.19;0.11000000000000001;0.44000000000000006;1805560;103662;1275;0;True0.19;0.11000000000000001;0.45000000000000007;1804347;104045;1337;0;True0.19;0.12000000000000001;0.35;1812774;103824;1303;0;True0.19;0.12000000000000001;0.36;1813499;103429;1300;0;True0.19;0.12000000000000001;0.37;1808776;103199;1329;0;True0.19;0.12000000000000001;0.38;1807823;103128;1303;0;True0.19;0.12000000000000001;0.39;1802159;103348;1336;0;True0.19;0.12000000000000001;0.4;1801163;103258;1281;0;True0.19;0.12000000000000001;0.41000000000000003;1797546;102774;1330;0;True0.19;0.12000000000000001;0.42000000000000004;1795489;102756;1275;0;True0.19;0.12000000000000001;0.43000000000000005;1793193;103191;1274;0;True0.19;0.12000000000000001;0.44000000000000006;1791351;102735;1339;0;True0.19;0.12000000000000001;0.45000000000000007;1788226;102528;1273;0;True0.19;0.13;0.35;1802632;102875;1290;0;True0.19;0.13;0.36;1799907;103254;1313;0;True0.19;0.13;0.37;1799087;103338;1290;0;True0.19;0.13;0.38;1794558;102744;1293;0;True0.19;0.13;0.39;1791605;102624;1339;0;True0.19;0.13;0.4;1789988;102164;1355;0;True0.19;0.13;0.41000000000000003;1788032;102240;1319;0;True0.19;0.13;0.42000000000000004;1785837;101877;1262;0;True0.19;0.13;0.43000000000000005;1783790;102619;1338;0;True0.19;0.13;0.44000000000000006;1781444;102057;1292;0;True0.19;0.13;0.45000000000000007;1779652;101776;1270;0;True0.19;0.14;0.35;1794525;102687;1265;0;True0.19;0.14;0.36;1787421;102714;1318;0;True0.19;0.14;0.37;1787771;102172;1338;0;True0.19;0.14;0.38;1785227;102265;1337;0;True0.19;0.14;0.39;1781938;102145;1327;0;True0.19;0.14;0.4;1778192;101561;1295;0;True0.19;0.14;0.41000000000000003;1777418;101143;1357;0;True0.19;0.14;0.42000000000000004;1776112;101148;1338;0;True0.19;0.14;0.43000000000000005;1772277;100961;1291;0;True0.19;0.14;0.44000000000000006;1771978;101229;1284;0;True0.19;0.14;0.45000000000000007;1769877;101422;1300;0;True0.19;0.15;0.35;1783016;101709;1307;0;True0.19;0.15;0.36;1779565;101377;1290;0;True0.19;0.15;0.37;1776372;101672;1273;0;True0.19;0.15;0.38;1777715;101832;1295;0;True0.19;0.15;0.39;1773046;101095;1275;0;True0.19;0.15;0.4;1770598;100848;1306;0;True0.19;0.15;0.41000000000000003;1768434;101084;1285;0;True0.19;0.15;0.42000000000000004;1767843;101107;1322;0;True0.19;0.15;0.43000000000000005;1767536;101033;1295;0;True0.19;0.15;0.44000000000000006;1765223;100867;1338;0;True0.19;0.15;0.45000000000000007;1762411;100746;1339;0;True0.2;0.05;0.35;2067469;125523;1327;0;True0.2;0.05;0.36;2060286;125924;1340;0;True0.2;0.05;0.37;2053237;124496;1298;0;True0.2;0.05;0.38;2049249;124391;1303;0;True0.2;0.05;0.39;2044587;124594;1304;0;True0.2;0.05;0.4;2037856;124362;1344;0;True0.2;0.05;0.41000000000000003;2025822;122746;1325;0;True0.2;0.05;0.42000000000000004;2022698;122376;1309;0;True0.2;0.05;0.43000000000000005;2020291;122404;1349;0;True0.2;0.05;0.44000000000000006;2013365;122302;1294;0;True0.2;0.05;0.45000000000000007;2005846;121911;1311;0;True0.2;0.060000000000000005;0.35;2002980;121792;1313;0;True0.2;0.060000000000000005;0.36;1998583;121371;1329;0;True0.2;0.060000000000000005;0.37;1991053;120659;1326;0;True0.2;0.060000000000000005;0.38;1986124;120968;1262;0;True0.2;0.060000000000000005;0.39;1980984;120240;1305;0;True0.2;0.060000000000000005;0.4;1976542;120643;1290;0;True0.2;0.060000000000000005;0.41000000000000003;1969931;119577;1288;0;True0.2;0.060000000000000005;0.42000000000000004;1967584;119482;1333;0;True0.2;0.060000000000000005;0.43000000000000005;1959601;118756;1318;0;True0.2;0.060000000000000005;0.44000000000000006;1954738;118665;1289;0;True0.2;0.060000000000000005;0.45000000000000007;1949370;117939;1298;0;True0.2;0.07;0.35;1953234;118050;1310;0;True0.2;0.07;0.36;1951552;117881;1354;0;True0.2;0.07;0.37;1948302;117659;1342;0;True0.2;0.07;0.38;1941887;117292;1270;0;True0.2;0.07;0.39;1936366;117176;1302;0;True0.2;0.07;0.4;1931510;116418;1334;0;True0.2;0.07;0.41000000000000003;1930145;116551;1297;0;True0.2;0.07;0.42000000000000004;1926366;116419;1314;0;True0.2;0.07;0.43000000000000005;1921930;116411;1319;0;True0.2;0.07;0.44000000000000006;1914043;116256;1318;0;True0.2;0.07;0.45000000000000007;1914078;115228;1260;0;True0.2;0.08000000000000002;0.35;1918612;115464;1343;0;True0.2;0.08000000000000002;0.36;1917804;116194;1322;0;True0.2;0.08000000000000002;0.37;1911646;115072;1323;0;True0.2;0.08000000000000002;0.38;1911330;115662;1316;0;True0.2;0.08000000000000002;0.39;1903787;115157;1300;0;True0.2;0.08000000000000002;0.4;1902217;115078;1272;0;True0.2;0.08000000000000002;0.41000000000000003;1897597;114436;1346;0;True0.2;0.08000000000000002;0.42000000000000004;1891635;114134;1330;0;True0.2;0.08000000000000002;0.43000000000000005;1889852;113992;1342;0;True0.2;0.08000000000000002;0.44000000000000006;1886398;114313;1276;0;True0.2;0.08000000000000002;0.45000000000000007;1881590;113837;1310;0;True0.2;0.09000000000000001;0.35;1890995;114724;1325;0;True0.2;0.09000000000000001;0.36;1887820;114081;1299;0;True0.2;0.09000000000000001;0.37;1887374;114294;1320;0;True0.2;0.09000000000000001;0.38;1883933;114084;1342;0;True0.2;0.09000000000000001;0.39;1876691;113233;1246;0;True0.2;0.09000000000000001;0.4;1879079;114000;1297;0;True0.2;0.09000000000000001;0.41000000000000003;1876211;113867;1314;0;True0.2;0.09000000000000001;0.42000000000000004;1869738;112840;1312;0;True0.2;0.09000000000000001;0.43000000000000005;1866071;112731;1290;0;True0.2;0.09000000000000001;0.44000000000000006;1862971;112871;1293;0;True0.2;0.09000000000000001;0.45000000000000007;1862332;112531;1338;0;True0.2;0.1;0.35;1869769;112871;1281;0;True0.2;0.1;0.36;1869787;113723;1279;0;True0.2;0.1;0.37;1865797;112584;1318;0;True0.2;0.1;0.38;1859806;111872;1292;0;True0.2;0.1;0.39;1859277;112212;1354;0;True0.2;0.1;0.4;1852830;111397;1333;0;True0.2;0.1;0.41000000000000003;1853627;111789;1341;0;True0.2;0.1;0.42000000000000004;1849953;111743;1331;0;True0.2;0.1;0.43000000000000005;1848662;111837;1315;0;True0.2;0.1;0.44000000000000006;1843318;111280;1295;0;True0.2;0.1;0.45000000000000007;1841689;111175;1296;0;True0.2;0.11000000000000001;0.35;1855274;111508;1304;0;True0.2;0.11000000000000001;0.36;1852687;111987;1276;0;True0.2;0.11000000000000001;0.37;1847709;111152;1312;0;True0.2;0.11000000000000001;0.38;1843545;110672;1336;0;True0.2;0.11000000000000001;0.39;1843363;111251;1368;0;True0.2;0.11000000000000001;0.4;1839282;111037;1305;0;True0.2;0.11000000000000001;0.41000000000000003;1834511;109879;1309;0;True0.2;0.11000000000000001;0.42000000000000004;1832609;109920;1335;0;True0.2;0.11000000000000001;0.43000000000000005;1829744;110166;1302;0;True0.2;0.11000000000000001;0.44000000000000006;1829836;110356;1315;0;True0.2;0.11000000000000001;0.45000000000000007;1825827;110074;1310;0;True0.2;0.12000000000000001;0.35;1837947;110794;1306;0;True0.2;0.12000000000000001;0.36;1833371;110766;1308;0;True0.2;0.12000000000000001;0.37;1833793;110880;1338;0;True0.2;0.12000000000000001;0.38;1833122;110549;1303;0;True0.2;0.12000000000000001;0.39;1829056;110067;1295;0;True0.2;0.12000000000000001;0.4;1826443;109544;1277;0;True0.2;0.12000000000000001;0.41000000000000003;1821695;110179;1300;0;True0.2;0.12000000000000001;0.42000000000000004;1820774;109464;1298;0;True0.2;0.12000000000000001;0.43000000000000005;1818418;109821;1287;0;True0.2;0.12000000000000001;0.44000000000000006;1815881;109489;1266;0;True0.2;0.12000000000000001;0.45000000000000007;1815209;108632;1308;0;True0.2;0.13;0.35;1827642;109937;1311;0;True0.2;0.13;0.36;1823527;109571;1341;0;True0.2;0.13;0.37;1820377;108708;1294;0;True0.2;0.13;0.38;1819240;109437;1287;0;True0.2;0.13;0.39;1817155;109473;1322;0;True0.2;0.13;0.4;1814847;109426;1339;0;True0.2;0.13;0.41000000000000003;1811542;108757;1385;0;True0.2;0.13;0.42000000000000004;1807588;108705;1295;0;True0.2;0.13;0.43000000000000005;1805806;108546;1274;0;True0.2;0.13;0.44000000000000006;1807232;108807;1322;0;True0.2;0.13;0.45000000000000007;1803767;108184;1328;0;True0.2;0.14;0.35;1816281;109364;1284;0;True0.2;0.14;0.36;1813502;109083;1322;0;True0.2;0.14;0.37;1811482;108921;1299;0;True0.2;0.14;0.38;1806894;108272;1325;0;True0.2;0.14;0.39;1809875;109565;1256;0;True0.2;0.14;0.4;1801242;108367;1340;0;True0.2;0.14;0.41000000000000003;1801307;108186;1333;0;True0.2;0.14;0.42000000000000004;1799840;108121;1358;0;True0.2;0.14;0.43000000000000005;1799381;108562;1376;0;True0.2;0.14;0.44000000000000006;1796301;108025;1318;0;True0.2;0.14;0.45000000000000007;1793695;107841;1335;0;True0.2;0.15000000000000002;0.35;1806707;108931;1294;0;True0.2;0.15000000000000002;0.36;1805173;108389;1297;0;True0.2;0.15000000000000002;0.37;1803304;108560;1321;0;True0.2;0.15000000000000002;0.38;1797779;108122;1311;0;True0.2;0.15000000000000002;0.39;1796443;108522;1322;0;True0.2;0.15000000000000002;0.4;1793435;107847;1301;0;True0.2;0.15000000000000002;0.41000000000000003;1793050;108362;1337;0;True0.2;0.15000000000000002;0.42000000000000004;1791462;107220;1283;0;True0.2;0.15000000000000002;0.43000000000000005;1789795;108027;1337;0;True0.2;0.15000000000000002;0.44000000000000006;1786773;107481;1289;0;True0.2;0.15000000000000002;0.45000000000000007;1786866;107006;1305;0;True0.21;0.05;0.35;2092235;133599;1288;0;True0.21;0.05;0.36;2085179;132704;1311;0;True0.21;0.05;0.37;2079533;132778;1322;0;True0.21;0.05;0.38;2072548;132122;1314;0;True0.21;0.05;0.39;2068026;131928;1308;0;True0.21;0.05;0.4;2062683;131776;1296;0;True0.21;0.05;0.41000000000000003;2057155;131484;1328;0;True0.21;0.05;0.42000000000000004;2048834;130638;1295;0;True0.21;0.05;0.43000000000000005;2043436;130345;1351;0;True0.21;0.05;0.44000000000000006;2035702;129806;1311;0;True0.21;0.05;0.45000000000000007;2033443;129197;1295;0;True0.21;0.060000000000000005;0.35;2029432;129058;1320;0;True0.21;0.060000000000000005;0.36;2020800;128524;1320;0;True0.21;0.060000000000000005;0.37;2018288;129252;1298;0;True0.21;0.060000000000000005;0.38;2012410;128195;1277;0;True0.21;0.060000000000000005;0.39;2007498;127933;1318;0;True0.21;0.060000000000000005;0.4;2000127;127232;1327;0;True0.21;0.060000000000000005;0.41000000000000003;1994963;126880;1293;0;True0.21;0.060000000000000005;0.42000000000000004;1991892;126716;1307;0;True0.21;0.060000000000000005;0.43000000000000005;1980625;125629;1364;0;True0.21;0.060000000000000005;0.44000000000000006;1981503;126389;1360;0;True0.21;0.060000000000000005;0.45000000000000007;1976944;126229;1331;0;True0.21;0.07;0.35;1980306;126243;1320;0;True0.21;0.07;0.36;1975478;125914;1373;0;True0.21;0.07;0.37;1969537;124899;1305;0;True0.21;0.07;0.38;1965593;124740;1348;0;True0.21;0.07;0.39;1963445;124816;1287;0;True0.21;0.07;0.4;1958931;125027;1325;0;True0.21;0.07;0.41000000000000003;1951528;123677;1278;0;True0.21;0.07;0.42000000000000004;1947933;123761;1334;0;True0.21;0.07;0.43000000000000005;1944747;123317;1348;0;True0.21;0.07;0.44000000000000006;1941936;123608;1290;0;True0.21;0.07;0.45000000000000007;1938495;123501;1336;0;True0.21;0.08000000000000002;0.35;1945262;123534;1312;0;True0.21;0.08000000000000002;0.36;1941201;123189;1372;0;True0.21;0.08000000000000002;0.37;1937302;123154;1293;0;True0.21;0.08000000000000002;0.38;1932032;123132;1320;0;True0.21;0.08000000000000002;0.39;1929674;122829;1307;0;True0.21;0.08000000000000002;0.4;1924573;122633;1294;0;True0.21;0.08000000000000002;0.41000000000000003;1923418;121662;1283;0;True0.21;0.08000000000000002;0.42000000000000004;1919988;121801;1302;0;True0.21;0.08000000000000002;0.43000000000000005;1913794;121524;1274;0;True0.21;0.08000000000000002;0.44000000000000006;1909830;121264;1272;0;True0.21;0.08000000000000002;0.45000000000000007;1906972;121286;1337;0;True0.21;0.09000000000000001;0.35;1916648;121205;1284;0;True0.21;0.09000000000000001;0.36;1912434;121149;1278;0;True0.21;0.09000000000000001;0.37;1908420;121386;1329;0;True0.21;0.09000000000000001;0.38;1909128;120970;1275;0;True0.21;0.09000000000000001;0.39;1902851;120664;1318;0;True0.21;0.09000000000000001;0.4;1899691;119838;1290;0;True0.21;0.09000000000000001;0.41000000000000003;1895912;120534;1336;0;True0.21;0.09000000000000001;0.42000000000000004;1895245;120270;1279;0;True0.21;0.09000000000000001;0.43000000000000005;1891325;120289;1309;0;True0.21;0.09000000000000001;0.44000000000000006;1884819;119366;1314;0;True0.21;0.09000000000000001;0.45000000000000007;1887090;120490;1328;0;True0.21;0.1;0.35;1893384;119941;1327;0;True0.21;0.1;0.36;1890887;120151;1308;0;True0.21;0.1;0.37;1888288;120518;1280;0;True0.21;0.1;0.38;1886120;119803;1335;0;True0.21;0.1;0.39;1883582;119325;1304;0;True0.21;0.1;0.4;1880049;119265;1325;0;True0.21;0.1;0.41000000000000003;1876270;118545;1299;0;True0.21;0.1;0.42000000000000004;1875755;119055;1286;0;True0.21;0.1;0.43000000000000005;1874450;118462;1321;0;True0.21;0.1;0.44000000000000006;1869692;118425;1308;0;True0.21;0.1;0.45000000000000007;1868825;117678;1293;0;True0.21;0.11000000000000001;0.35;1879484;119797;1328;0;True0.21;0.11000000000000001;0.36;1874547;118541;1290;0;True0.21;0.11000000000000001;0.37;1871100;118807;1299;0;True0.21;0.11000000000000001;0.38;1871042;118520;1341;0;True0.21;0.11000000000000001;0.39;1863859;118162;1314;0;True0.21;0.11000000000000001;0.4;1865588;117759;1323;0;True0.21;0.11000000000000001;0.41000000000000003;1862215;117830;1319;0;True0.21;0.11000000000000001;0.42000000000000004;1859201;117929;1314;0;True0.21;0.11000000000000001;0.43000000000000005;1855454;117407;1286;0;True0.21;0.11000000000000001;0.44000000000000006;1853269;116964;1335;0;True0.21;0.11000000000000001;0.45000000000000007;1851955;117204;1337;0;True0.21;0.12000000000000001;0.35;1862219;117751;1299;0;True0.21;0.12000000000000001;0.36;1857111;117470;1305;0;True0.21;0.12000000000000001;0.37;1856158;116824;1323;0;True0.21;0.12000000000000001;0.38;1853315;116793;1323;0;True0.21;0.12000000000000001;0.39;1850872;117216;1267;0;True0.21;0.12000000000000001;0.4;1846030;116381;1313;0;True0.21;0.12000000000000001;0.41000000000000003;1845477;116901;1297;0;True0.21;0.12000000000000001;0.42000000000000004;1846507;116725;1245;0;True0.21;0.12000000000000001;0.43000000000000005;1840085;116064;1343;0;True0.21;0.12000000000000001;0.44000000000000006;1838527;116377;1341;0;True0.21;0.12000000000000001;0.45000000000000007;1837404;116673;1289;0;True0.21;0.13;0.35;1849457;116462;1349;0;True0.21;0.13;0.36;1847619;116885;1304;0;True0.21;0.13;0.37;1845339;116980;1330;0;True0.21;0.13;0.38;1841527;116682;1283;0;True0.21;0.13;0.39;1840366;116451;1301;0;True0.21;0.13;0.4;1838827;116256;1365;0;True0.21;0.13;0.41000000000000003;1836588;115718;1317;0;True0.21;0.13;0.42000000000000004;1833548;115998;1302;0;True0.21;0.13;0.43000000000000005;1831508;115592;1276;0;True0.21;0.13;0.44000000000000006;1828486;115358;1337;0;True0.21;0.13;0.45000000000000007;1830447;115437;1318;0;True0.21;0.14;0.35;1842012;116496;1317;0;True0.21;0.14;0.36;1839089;116188;1324;0;True0.21;0.14;0.37;1836744;115985;1322;0;True0.21;0.14;0.38;1829774;115491;1274;0;True0.21;0.14;0.39;1829404;115540;1321;0;True0.21;0.14;0.4;1829488;115428;1274;0;True0.21;0.14;0.41000000000000003;1825299;115079;1281;0;True0.21;0.14;0.42000000000000004;1824871;114889;1308;0;True0.21;0.14;0.43000000000000005;1823018;115053;1329;0;True0.21;0.14;0.44000000000000006;1820761;114836;1283;0;True0.21;0.14;0.45000000000000007;1818655;114692;1319;0;True0.21;0.15000000000000002;0.35;1830346;115803;1319;0;True0.21;0.15000000000000002;0.36;1826305;115266;1373;0;True0.21;0.15000000000000002;0.37;1824994;115422;1320;0;True0.21;0.15000000000000002;0.38;1821061;114084;1289;0;True0.21;0.15000000000000002;0.39;1819282;114416;1353;0;True0.21;0.15000000000000002;0.4;1818868;115260;1346;0;True0.21;0.15000000000000002;0.41000000000000003;1816468;114491;1323;0;True0.21;0.15000000000000002;0.42000000000000004;1815852;114156;1284;0;True0.21;0.15000000000000002;0.43000000000000005;1813938;114931;1269;0;True0.21;0.15000000000000002;0.44000000000000006;1811741;113863;1289;0;True0.21;0.15000000000000002;0.45000000000000007;1808705;113786;1344;0;True0.22;0.05;0.35;2118155;141796;1300;0;True0.22;0.05;0.36;2113124;141690;1311;0;True0.22;0.05;0.37;2105177;140603;1305;0;True0.22;0.05;0.38;2099485;140479;1292;0;True0.22;0.05;0.39;2094543;140082;1317;0;True0.22;0.05;0.4;2086430;139526;1278;0;True0.22;0.05;0.41000000000000003;2080419;138997;1276;0;True0.22;0.05;0.42000000000000004;2077362;139129;1303;0;True0.22;0.05;0.43000000000000005;2067114;138011;1275;0;True0.22;0.05;0.44000000000000006;2063511;138387;1329;0;True0.22;0.05;0.45000000000000007;2054759;137194;1285;0;True0.22;0.060000000000000005;0.35;2053745;137644;1285;0;True0.22;0.060000000000000005;0.36;2049538;136482;1253;0;True0.22;0.060000000000000005;0.37;2041332;136529;1306;0;True0.22;0.060000000000000005;0.38;2036715;136630;1327;0;True0.22;0.060000000000000005;0.39;2030076;136059;1311;0;True0.22;0.060000000000000005;0.4;2024800;135184;1266;0;True0.22;0.060000000000000005;0.41000000000000003;2020581;134404;1335;0;True0.22;0.060000000000000005;0.42000000000000004;2015137;134501;1316;0;True0.22;0.060000000000000005;0.43000000000000005;2010603;134201;1297;0;True0.22;0.060000000000000005;0.44000000000000006;2004971;133533;1308;0;True0.22;0.060000000000000005;0.45000000000000007;2000756;132880;1344;0;True0.22;0.07;0.35;2007396;133706;1314;0;True0.22;0.07;0.36;2002129;133804;1306;0;True0.22;0.07;0.37;1996190;132657;1340;0;True0.22;0.07;0.38;1992672;131794;1275;0;True0.22;0.07;0.39;1986853;132155;1321;0;True0.22;0.07;0.4;1984229;132167;1360;0;True0.22;0.07;0.41000000000000003;1976701;131730;1250;0;True0.22;0.07;0.42000000000000004;1974352;131390;1313;0;True0.22;0.07;0.43000000000000005;1969096;130797;1294;0;True0.22;0.07;0.44000000000000006;1964037;130680;1322;0;True0.22;0.07;0.45000000000000007;1963858;131347;1332;0;True0.22;0.08000000000000002;0.35;1969115;130656;1293;0;True0.22;0.08000000000000002;0.36;1964289;130456;1292;0;True0.22;0.08000000000000002;0.37;1963925;130860;1312;0;True0.22;0.08000000000000002;0.38;1957163;130163;1305;0;True0.22;0.08000000000000002;0.39;1954309;129644;1311;0;True0.22;0.08000000000000002;0.4;1950516;129842;1301;0;True0.22;0.08000000000000002;0.41000000000000003;1948019;129916;1292;0;True0.22;0.08000000000000002;0.42000000000000004;1944954;130002;1307;0;True0.22;0.08000000000000002;0.43000000000000005;1941419;129273;1300;0;True0.22;0.08000000000000002;0.44000000000000006;1935803;128431;1359;0;True0.22;0.08000000000000002;0.45000000000000007;1929925;128820;1273;0;True0.22;0.09000000000000001;0.35;1945173;129612;1304;0;True0.22;0.09000000000000001;0.36;1937060;128448;1296;0;True0.22;0.09000000000000001;0.37;1936673;128646;1296;0;True0.22;0.09000000000000001;0.38;1936276;129050;1274;0;True0.22;0.09000000000000001;0.39;1929922;127862;1314;0;True0.22;0.09000000000000001;0.4;1925369;127566;1291;0;True0.22;0.09000000000000001;0.41000000000000003;1922011;127380;1308;0;True0.22;0.09000000000000001;0.42000000000000004;1917919;127543;1312;0;True0.22;0.09000000000000001;0.43000000000000005;1916077;127366;1293;0;True0.22;0.09000000000000001;0.44000000000000006;1909030;126201;1281;0;True0.22;0.09000000000000001;0.45000000000000007;1909246;126778;1288;0;True0.22;0.1;0.35;1919795;127504;1305;0;True0.22;0.1;0.36;1914742;127296;1318;0;True0.22;0.1;0.37;1916352;127440;1336;0;True0.22;0.1;0.38;1912160;126932;1297;0;True0.22;0.1;0.39;1906334;126244;1293;0;True0.22;0.1;0.4;1904833;125632;1266;0;True0.22;0.1;0.41000000000000003;1901568;125723;1319;0;True0.22;0.1;0.42000000000000004;1898778;126004;1338;0;True0.22;0.1;0.43000000000000005;1896284;125800;1240;0;True0.22;0.1;0.44000000000000006;1894398;125495;1297;0;True0.22;0.1;0.45000000000000007;1892953;125496;1283;0;True0.22;0.11000000000000001;0.35;1904808;126392;1324;0;True0.22;0.11000000000000001;0.36;1899044;125688;1296;0;True0.22;0.11000000000000001;0.37;1896927;125345;1264;0;True0.22;0.11000000000000001;0.38;1894783;125325;1318;0;True0.22;0.11000000000000001;0.39;1891968;125655;1280;0;True0.22;0.11000000000000001;0.4;1888223;125414;1329;0;True0.22;0.11000000000000001;0.41000000000000003;1884755;124806;1288;0;True0.22;0.11000000000000001;0.42000000000000004;1881878;125075;1325;0;True0.22;0.11000000000000001;0.43000000000000005;1882179;124911;1278;0;True0.22;0.11000000000000001;0.44000000000000006;1878181;124324;1283;0;True0.22;0.11000000000000001;0.45000000000000007;1875151;123846;1282;0;True0.22;0.12000000000000001;0.35;1891838;125902;1340;0;True0.22;0.12000000000000001;0.36;1885711;124986;1299;0;True0.22;0.12000000000000001;0.37;1880852;124475;1317;0;True0.22;0.12000000000000001;0.38;1880159;124599;1309;0;True0.22;0.12000000000000001;0.39;1878146;124692;1320;0;True0.22;0.12000000000000001;0.4;1872667;124082;1287;0;True0.22;0.12000000000000001;0.41000000000000003;1873958;124193;1323;0;True0.22;0.12000000000000001;0.42000000000000004;1872711;124575;1356;0;True0.22;0.12000000000000001;0.43000000000000005;1868628;124130;1284;0;True0.22;0.12000000000000001;0.44000000000000006;1864844;122978;1311;0;True0.22;0.12000000000000001;0.45000000000000007;1859402;123161;1295;0;True0.22;0.13;0.35;1874075;123698;1269;0;True0.22;0.13;0.36;1870991;123555;1316;0;True0.22;0.13;0.37;1872501;124606;1326;0;True0.22;0.13;0.38;1866107;123065;1299;0;True0.22;0.13;0.39;1865983;123648;1267;0;True0.22;0.13;0.4;1863383;123190;1274;0;True0.22;0.13;0.41000000000000003;1859980;123024;1290;0;True0.22;0.13;0.42000000000000004;1857888;122659;1334;0;True0.22;0.13;0.43000000000000005;1858343;123118;1284;0;True0.22;0.13;0.44000000000000006;1854818;122696;1288;0;True0.22;0.13;0.45000000000000007;1852637;122849;1270;0;True0.22;0.14;0.35;1863534;123879;1320;0;True0.22;0.14;0.36;1862452;122894;1270;0;True0.22;0.14;0.37;1858303;123112;1355;0;True0.22;0.14;0.38;1856571;122771;1320;0;True0.22;0.14;0.39;1854439;122444;1299;0;True0.22;0.14;0.4;1855008;122597;1337;0;True0.22;0.14;0.41000000000000003;1851864;122034;1321;0;True0.22;0.14;0.42000000000000004;1846877;122107;1338;0;True0.22;0.14;0.43000000000000005;1847495;122289;1305;0;True0.22;0.14;0.44000000000000006;1842632;122078;1322;0;True0.22;0.14;0.45000000000000007;1844295;121476;1262;0;True0.22;0.15000000000000002;0.35;1853027;122997;1330;0;True0.22;0.15000000000000002;0.36;1852806;122553;1289;0;True0.22;0.15000000000000002;0.37;1853042;122653;1279;0;True0.22;0.15000000000000002;0.38;1848336;122978;1270;0;True0.22;0.15000000000000002;0.39;1850185;122494;1329;0;True0.22;0.15000000000000002;0.4;1841404;121852;1356;0;True0.22;0.15000000000000002;0.41000000000000003;1843203;121917;1355;0;True0.22;0.15000000000000002;0.42000000000000004;1842466;122091;1262;0;True0.22;0.15000000000000002;0.43000000000000005;1838708;121409;1295;0;True0.22;0.15000000000000002;0.44000000000000006;1837037;121422;1288;0;True0.22;0.15000000000000002;0.45000000000000007;1834560;120663;1343;0;True0.23;0.05;0.35;2143927;150014;1331;0;True0.23;0.05;0.36;2138619;149893;1320;0;True0.23;0.05;0.37;2130936;149318;1298;0;True0.23;0.05;0.38;2127619;148659;1344;0;True0.23;0.05;0.39;2116622;147863;1291;0;True0.23;0.05;0.4;2114721;148089;1329;0;True0.23;0.05;0.41000000000000003;2104821;147089;1321;0;True0.23;0.05;0.42000000000000004;2100545;146533;1321;0;True0.23;0.05;0.43000000000000005;2093211;146218;1323;0;True0.23;0.05;0.44000000000000006;2089278;145987;1277;0;True0.23;0.05;0.45000000000000007;2083270;145493;1334;0;True0.23;0.060000000000000005;0.35;2078093;145038;1352;0;True0.23;0.060000000000000005;0.36;2074227;144456;1228;0;True0.23;0.060000000000000005;0.37;2068728;144474;1372;0;True0.23;0.060000000000000005;0.38;2062742;143979;1291;0;True0.23;0.060000000000000005;0.39;2057276;143295;1319;0;True0.23;0.060000000000000005;0.4;2054557;143313;1299;0;True0.23;0.060000000000000005;0.41000000000000003;2045827;142176;1327;0;True0.23;0.060000000000000005;0.42000000000000004;2042206;142408;1305;0;True0.23;0.060000000000000005;0.43000000000000005;2034361;141905;1300;0;True0.23;0.060000000000000005;0.44000000000000006;2034751;141911;1269;0;True0.23;0.060000000000000005;0.45000000000000007;2030595;142121;1288;0;True0.23;0.07;0.35;2030147;141709;1319;0;True0.23;0.07;0.36;2026874;140519;1319;0;True0.23;0.07;0.37;2022103;139852;1288;0;True0.23;0.07;0.38;2017569;140828;1347;0;True0.23;0.07;0.39;2013257;140374;1296;0;True0.23;0.07;0.4;2010536;140035;1330;0;True0.23;0.07;0.41000000000000003;2005841;139730;1333;0;True0.23;0.07;0.42000000000000004;1999441;139249;1290;0;True0.23;0.07;0.43000000000000005;1996934;139181;1319;0;True0.23;0.07;0.44000000000000006;1990498;138150;1321;0;True0.23;0.07;0.45000000000000007;1989762;138696;1340;0;True0.23;0.08000000000000002;0.35;1999154;138836;1255;0;True0.23;0.08000000000000002;0.36;1991303;137821;1301;0;True0.23;0.08000000000000002;0.37;1988061;138316;1344;0;True0.23;0.08000000000000002;0.38;1985649;137662;1353;0;True0.23;0.08000000000000002;0.39;1980022;137971;1295;0;True0.23;0.08000000000000002;0.4;1975455;136934;1243;0;True0.23;0.08000000000000002;0.41000000000000003;1974885;137707;1297;0;True0.23;0.08000000000000002;0.42000000000000004;1969922;137113;1307;0;True0.23;0.08000000000000002;0.43000000000000005;1966975;137054;1315;0;True0.23;0.08000000000000002;0.44000000000000006;1960467;135797;1273;0;True0.23;0.08000000000000002;0.45000000000000007;1956714;135830;1219;0;True0.23;0.09000000000000001;0.35;1971890;137271;1288;0;True0.23;0.09000000000000001;0.36;1966535;136449;1301;0;True0.23;0.09000000000000001;0.37;1959990;135900;1323;0;True0.23;0.09000000000000001;0.38;1956706;135412;1286;0;True0.23;0.09000000000000001;0.39;1957262;135596;1318;0;True0.23;0.09000000000000001;0.4;1952468;135813;1307;0;True0.23;0.09000000000000001;0.41000000000000003;1950488;134982;1293;0;True0.23;0.09000000000000001;0.42000000000000004;1947191;135454;1350;0;True0.23;0.09000000000000001;0.43000000000000005;1942363;135016;1275;0;True0.23;0.09000000000000001;0.44000000000000006;1942391;135364;1290;0;True0.23;0.09000000000000001;0.45000000000000007;1937070;134028;1289;0;True0.23;0.1;0.35;1947926;135034;1314;0;True0.23;0.1;0.36;1943576;135010;1264;0;True0.23;0.1;0.37;1939343;134032;1297;0;True0.23;0.1;0.38;1935181;134573;1299;0;True0.23;0.1;0.39;1935319;134668;1330;0;True0.23;0.1;0.4;1928849;133435;1280;0;True0.23;0.1;0.41000000000000003;1929147;132962;1306;0;True0.23;0.1;0.42000000000000004;1924959;133686;1335;0;True0.23;0.1;0.43000000000000005;1920786;132975;1315;0;True0.23;0.1;0.44000000000000006;1921676;133269;1300;0;True0.23;0.1;0.45000000000000007;1914617;132633;1326;0;True0.23;0.11000000000000001;0.35;1926619;133354;1347;0;True0.23;0.11000000000000001;0.36;1923657;132842;1328;0;True0.23;0.11000000000000001;0.37;1922695;132817;1309;0;True0.23;0.11000000000000001;0.38;1921856;132990;1290;0;True0.23;0.11000000000000001;0.39;1918995;132893;1300;0;True0.23;0.11000000000000001;0.4;1915431;133050;1312;0;True0.23;0.11000000000000001;0.41000000000000003;1910068;132519;1282;0;True0.23;0.11000000000000001;0.42000000000000004;1908994;132314;1303;0;True0.23;0.11000000000000001;0.43000000000000005;1905746;132553;1314;0;True0.23;0.11000000000000001;0.44000000000000006;1903269;131748;1289;0;True0.23;0.11000000000000001;0.45000000000000007;1903018;131645;1313;0;True0.23;0.12000000000000001;0.35;1910761;132070;1296;0;True0.23;0.12000000000000001;0.36;1910136;132754;1310;0;True0.23;0.12000000000000001;0.37;1904492;131727;1294;0;True0.23;0.12000000000000001;0.38;1903721;131621;1342;0;True0.23;0.12000000000000001;0.39;1903442;132351;1329;0;True0.23;0.12000000000000001;0.4;1897666;130926;1321;0;True0.23;0.12000000000000001;0.41000000000000003;1899013;131802;1296;0;True0.23;0.12000000000000001;0.42000000000000004;1894492;131384;1292;0;True0.23;0.12000000000000001;0.43000000000000005;1892141;130916;1328;0;True0.23;0.12000000000000001;0.44000000000000006;1890166;130954;1315;0;True0.23;0.12000000000000001;0.45000000000000007;1888877;130628;1299;0;True0.23;0.13;0.35;1900433;131422;1329;0;True0.23;0.13;0.36;1899522;131807;1290;0;True0.23;0.13;0.37;1895546;131628;1279;0;True0.23;0.13;0.38;1892408;130528;1333;0;True0.23;0.13;0.39;1893525;130930;1341;0;True0.23;0.13;0.4;1889817;130856;1310;0;True0.23;0.13;0.41000000000000003;1886306;130376;1288;0;True0.23;0.13;0.42000000000000004;1885074;130506;1333;0;True0.23;0.13;0.43000000000000005;1880627;130540;1324;0;True0.23;0.13;0.44000000000000006;1882603;130207;1280;0;True0.23;0.13;0.45000000000000007;1876232;129997;1305;0;True0.23;0.14;0.35;1888145;130896;1318;0;True0.23;0.14;0.36;1887429;130714;1335;0;True0.23;0.14;0.37;1888120;130632;1299;0;True0.23;0.14;0.38;1883664;130276;1333;0;True0.23;0.14;0.39;1881592;130353;1350;0;True0.23;0.14;0.4;1878691;130161;1322;0;True0.23;0.14;0.41000000000000003;1874760;129358;1325;0;True0.23;0.14;0.42000000000000004;1873763;129701;1314;0;True0.23;0.14;0.43000000000000005;1873160;129201;1326;0;True0.23;0.14;0.44000000000000006;1872275;129702;1277;0;True0.23;0.14;0.45000000000000007;1869306;129495;1310;0;True0.23;0.15000000000000002;0.35;1880517;129979;1300;0;True0.23;0.15000000000000002;0.36;1878675;130446;1276;0;True0.23;0.15000000000000002;0.37;1876101;129655;1360;0;True0.23;0.15000000000000002;0.38;1873893;129871;1326;0;True0.23;0.15000000000000002;0.39;1871933;129758;1287;0;True0.23;0.15000000000000002;0.4;1871129;128912;1281;0;True0.23;0.15000000000000002;0.41000000000000003;1867432;128839;1311;0;True0.23;0.15000000000000002;0.42000000000000004;1867736;129180;1283;0;True0.23;0.15000000000000002;0.43000000000000005;1866280;129413;1356;0;True0.23;0.15000000000000002;0.44000000000000006;1861420;128609;1337;0;True0.23;0.15000000000000002;0.45000000000000007;1858949;128271;1326;0;True0.24;0.05;0.35;2172129;158374;1390;0;True0.24;0.05;0.36;2165975;158001;1294;0;True0.24;0.05;0.37;2159932;157500;1348;0;True0.24;0.05;0.38;2152594;156666;1304;0;True0.24;0.05;0.39;2140993;155907;1300;0;True0.24;0.05;0.4;2139851;155429;1309;0;True0.24;0.05;0.41000000000000003;2132261;155321;1351;0;True0.24;0.05;0.42000000000000004;2127252;154934;1306;0;True0.24;0.05;0.43000000000000005;2120358;154619;1292;0;True0.24;0.05;0.44000000000000006;2114374;154145;1296;0;True0.24;0.05;0.45000000000000007;2112097;153962;1313;0;True0.24;0.060000000000000005;0.35;2108138;153127;1284;0;True0.24;0.060000000000000005;0.36;2102549;153472;1311;0;True0.24;0.060000000000000005;0.37;2095406;152502;1298;0;True0.24;0.060000000000000005;0.38;2092205;152245;1300;0;True0.24;0.060000000000000005;0.39;2083433;150929;1343;0;True0.24;0.060000000000000005;0.4;2078067;151003;1319;0;True0.24;0.060000000000000005;0.41000000000000003;2071551;150255;1319;0;True0.24;0.060000000000000005;0.42000000000000004;2067457;149826;1308;0;True0.24;0.060000000000000005;0.43000000000000005;2066672;150663;1300;0;True0.24;0.060000000000000005;0.44000000000000006;2060156;149874;1348;0;True0.24;0.060000000000000005;0.45000000000000007;2054342;148571;1308;0;True0.24;0.07;0.35;2056264;149100;1299;0;True0.24;0.07;0.36;2056212;149454;1319;0;True0.24;0.07;0.37;2046706;148944;1269;0;True0.24;0.07;0.38;2044155;147930;1292;0;True0.24;0.07;0.39;2042482;147812;1303;0;True0.24;0.07;0.4;2037707;147812;1324;0;True0.24;0.07;0.41000000000000003;2030832;147249;1282;0;True0.24;0.07;0.42000000000000004;2026481;147030;1356;0;True0.24;0.07;0.43000000000000005;2026047;147294;1277;0;True0.24;0.07;0.44000000000000006;2020957;146536;1313;0;True0.24;0.07;0.45000000000000007;2015076;146126;1286;0;True0.24;0.08000000000000002;0.35;2024416;146543;1311;0;True0.24;0.08000000000000002;0.36;2016935;146610;1342;0;True0.24;0.08000000000000002;0.37;2015255;146347;1278;0;True0.24;0.08000000000000002;0.38;2008745;145884;1313;0;True0.24;0.08000000000000002;0.39;2007245;146222;1335;0;True0.24;0.08000000000000002;0.4;2005849;145908;1313;0;True0.24;0.08000000000000002;0.41000000000000003;1998671;144552;1305;0;True0.24;0.08000000000000002;0.42000000000000004;1996241;144427;1321;0;True0.24;0.08000000000000002;0.43000000000000005;1995822;144209;1266;0;True0.24;0.08000000000000002;0.44000000000000006;1989201;144666;1281;0;True0.24;0.08000000000000002;0.45000000000000007;1984510;143514;1314;0;True0.24;0.09000000000000001;0.35;1992909;144745;1322;0;True0.24;0.09000000000000001;0.36;1990062;144250;1306;0;True0.24;0.09000000000000001;0.37;1990294;144387;1295;0;True0.24;0.09000000000000001;0.38;1984618;143817;1307;0;True0.24;0.09000000000000001;0.39;1984390;144163;1276;0;True0.24;0.09000000000000001;0.4;1979884;143154;1300;0;True0.24;0.09000000000000001;0.41000000000000003;1973336;143082;1332;0;True0.24;0.09000000000000001;0.42000000000000004;1968988;142394;1313;0;True0.24;0.09000000000000001;0.43000000000000005;1968003;142708;1335;0;True0.24;0.09000000000000001;0.44000000000000006;1964922;142318;1301;0;True0.24;0.09000000000000001;0.45000000000000007;1965923;142122;1328;0;True0.24;0.1;0.35;1972527;142468;1286;0;True0.24;0.1;0.36;1971127;142491;1326;0;True0.24;0.1;0.37;1967542;142039;1264;0;True0.24;0.1;0.38;1966136;142264;1305;0;True0.24;0.1;0.39;1961064;141854;1313;0;True0.24;0.1;0.4;1958196;142206;1342;0;True0.24;0.1;0.41000000000000003;1956453;141124;1262;0;True0.24;0.1;0.42000000000000004;1947886;141411;1287;0;True0.24;0.1;0.43000000000000005;1951010;141827;1311;0;True0.24;0.1;0.44000000000000006;1944591;140183;1275;0;True0.24;0.1;0.45000000000000007;1943518;140993;1347;0;True0.24;0.11000000000000001;0.35;1955497;141334;1370;0;True0.24;0.11000000000000001;0.36;1952960;141025;1300;0;True0.24;0.11000000000000001;0.37;1950158;140809;1275;0;True0.24;0.11000000000000001;0.38;1944046;141182;1272;0;True0.24;0.11000000000000001;0.39;1945760;140668;1334;0;True0.24;0.11000000000000001;0.4;1942600;140212;1355;0;True0.24;0.11000000000000001;0.41000000000000003;1938444;139671;1295;0;True0.24;0.11000000000000001;0.42000000000000004;1931985;139623;1316;0;True0.24;0.11000000000000001;0.43000000000000005;1933410;139915;1318;0;True0.24;0.11000000000000001;0.44000000000000006;1933624;139738;1300;0;True0.24;0.11000000000000001;0.45000000000000007;1927310;138978;1345;0;True0.24;0.12000000000000001;0.35;1939654;140109;1306;0;True0.24;0.12000000000000001;0.36;1937754;140199;1310;0;True0.24;0.12000000000000001;0.37;1932612;139372;1356;0;True0.24;0.12000000000000001;0.38;1932642;139391;1299;0;True0.24;0.12000000000000001;0.39;1930781;140488;1294;0;True0.24;0.12000000000000001;0.4;1925797;139212;1313;0;True0.24;0.12000000000000001;0.41000000000000003;1923672;138359;1293;0;True0.24;0.12000000000000001;0.42000000000000004;1922305;139025;1304;0;True0.24;0.12000000000000001;0.43000000000000005;1920976;138986;1255;0;True0.24;0.12000000000000001;0.44000000000000006;1920242;138500;1284;0;True0.24;0.12000000000000001;0.45000000000000007;1914201;138513;1272;0;True0.24;0.13;0.35;1928323;139486;1290;0;True0.24;0.13;0.36;1925413;138980;1316;0;True0.24;0.13;0.37;1923790;138964;1349;0;True0.24;0.13;0.38;1920069;138710;1331;0;True0.24;0.13;0.39;1917290;138668;1333;0;True0.24;0.13;0.4;1913573;138402;1271;0;True0.24;0.13;0.41000000000000003;1912996;138593;1321;0;True0.24;0.13;0.42000000000000004;1908488;138135;1329;0;True0.24;0.13;0.43000000000000005;1908034;137529;1295;0;True0.24;0.13;0.44000000000000006;1910539;138321;1313;0;True0.24;0.13;0.45000000000000007;1905630;137183;1310;0;True0.24;0.14;0.35;1915455;137964;1275;0;True0.24;0.14;0.36;1912771;137353;1269;0;True0.24;0.14;0.37;1912337;138422;1287;0;True0.24;0.14;0.38;1908928;137296;1280;0;True0.24;0.14;0.39;1906768;138087;1305;0;True0.24;0.14;0.4;1907084;137766;1316;0;True0.24;0.14;0.41000000000000003;1903081;137581;1289;0;True0.24;0.14;0.42000000000000004;1899442;137661;1286;0;True0.24;0.14;0.43000000000000005;1898485;136587;1271;0;True0.24;0.14;0.44000000000000006;1897568;136932;1276;0;True0.24;0.14;0.45000000000000007;1894883;136379;1310;0;True0.24;0.15000000000000002;0.35;1905870;137609;1344;0;True0.24;0.15000000000000002;0.36;1903091;137093;1330;0;True0.24;0.15000000000000002;0.37;1905088;137419;1292;0;True0.24;0.15000000000000002;0.38;1895502;136355;1311;0;True0.24;0.15000000000000002;0.39;1898343;136484;1292;0;True0.24;0.15000000000000002;0.4;1893056;136696;1261;0;True0.24;0.15000000000000002;0.41000000000000003;1894585;136268;1295;0;True0.24;0.15000000000000002;0.42000000000000004;1893409;137344;1317;0;True0.24;0.15000000000000002;0.43000000000000005;1890088;135979;1289;0;True0.24;0.15000000000000002;0.44000000000000006;1889621;136667;1305;0;True0.24;0.15000000000000002;0.45000000000000007;1885545;136138;1238;0;True0.25;0.05;0.35;2202013;167993;1289;0;True0.25;0.05;0.36;2193622;166292;1319;0;True0.25;0.05;0.37;2184950;166627;1255;0;True0.25;0.05;0.38;2178242;166186;1305;0;True0.25;0.05;0.39;2172674;165582;1285;0;True0.25;0.05;0.4;2168004;164618;1280;0;True0.25;0.05;0.41000000000000003;2160470;163991;1296;0;True0.25;0.05;0.42000000000000004;2153614;164062;1270;0;True0.25;0.05;0.43000000000000005;2146505;162673;1339;0;True0.25;0.05;0.44000000000000006;2142866;162147;1281;0;True0.25;0.05;0.45000000000000007;2137565;161514;1309;0;True0.25;0.060000000000000005;0.35;2136541;162345;1309;0;True0.25;0.060000000000000005;0.36;2129582;161270;1295;0;True0.25;0.060000000000000005;0.37;2124830;160665;1284;0;True0.25;0.060000000000000005;0.38;2116073;160501;1308;0;True0.25;0.060000000000000005;0.39;2114078;160895;1287;0;True0.25;0.060000000000000005;0.4;2106651;159384;1302;0;True0.25;0.060000000000000005;0.41000000000000003;2101716;159961;1298;0;True0.25;0.060000000000000005;0.42000000000000004;2100939;159229;1301;0;True0.25;0.060000000000000005;0.43000000000000005;2092613;159066;1270;0;True0.25;0.060000000000000005;0.44000000000000006;2085296;157672;1288;0;True0.25;0.060000000000000005;0.45000000000000007;2082471;157910;1335;0;True0.25;0.07;0.35;2087711;159100;1276;0;True0.25;0.07;0.36;2080303;157864;1319;0;True0.25;0.07;0.37;2077803;156526;1335;0;True0.25;0.07;0.38;2071229;156712;1310;0;True0.25;0.07;0.39;2068468;156751;1342;0;True0.25;0.07;0.4;2065717;156520;1287;0;True0.25;0.07;0.41000000000000003;2059886;156149;1353;0;True0.25;0.07;0.42000000000000004;2055264;155022;1288;0;True0.25;0.07;0.43000000000000005;2048900;154603;1313;0;True0.25;0.07;0.44000000000000006;2045736;154375;1294;0;True0.25;0.07;0.45000000000000007;2040410;153509;1353;0;True0.25;0.08000000000000002;0.35;2054221;155298;1252;0;True0.25;0.08000000000000002;0.36;2047850;155110;1249;0;True0.25;0.08000000000000002;0.37;2039040;153266;1316;0;True0.25;0.08000000000000002;0.38;2037053;153733;1307;0;True0.25;0.08000000000000002;0.39;2034811;153690;1321;0;True0.25;0.08000000000000002;0.4;2031171;153375;1334;0;True0.25;0.08000000000000002;0.41000000000000003;2023635;152542;1395;0;True0.25;0.08000000000000002;0.42000000000000004;2025772;153113;1316;0;True0.25;0.08000000000000002;0.43000000000000005;2017497;152496;1261;0;True0.25;0.08000000000000002;0.44000000000000006;2016445;152685;1297;0;True0.25;0.08000000000000002;0.45000000000000007;2014782;151763;1355;0;True0.25;0.09000000000000001;0.35;2023822;152929;1327;0;True0.25;0.09000000000000001;0.36;2017710;152781;1266;0;True0.25;0.09000000000000001;0.37;2016318;151821;1340;0;True0.25;0.09000000000000001;0.38;2012864;151734;1281;0;True0.25;0.09000000000000001;0.39;2008602;151708;1340;0;True0.25;0.09000000000000001;0.4;2005262;151095;1257;0;True0.25;0.09000000000000001;0.41000000000000003;2002774;150676;1306;0;True0.25;0.09000000000000001;0.42000000000000004;1996710;149914;1319;0;True0.25;0.09000000000000001;0.43000000000000005;1995629;149988;1318;0;True0.25;0.09000000000000001;0.44000000000000006;1990922;150363;1277;0;True0.25;0.09000000000000001;0.45000000000000007;1988739;149937;1288;0;True0.25;0.1;0.35;2000402;150211;1285;0;True0.25;0.1;0.36;2000354;150532;1295;0;True0.25;0.1;0.37;1997276;150722;1297;0;True0.25;0.1;0.38;1988133;149370;1280;0;True0.25;0.1;0.39;1989398;149505;1298;0;True0.25;0.1;0.4;1985417;149289;1305;0;True0.25;0.1;0.41000000000000003;1984011;150164;1360;0;True0.25;0.1;0.42000000000000004;1975526;148676;1311;0;True0.25;0.1;0.43000000000000005;1975451;147990;1330;0;True0.25;0.1;0.44000000000000006;1970238;147797;1358;0;True0.25;0.1;0.45000000000000007;1972198;148342;1300;0;True0.25;0.11000000000000001;0.35;1984185;149418;1299;0;True0.25;0.11000000000000001;0.36;1979861;149488;1253;0;True0.25;0.11000000000000001;0.37;1978629;149189;1295;0;True0.25;0.11000000000000001;0.38;1973237;148282;1264;0;True0.25;0.11000000000000001;0.39;1969756;148252;1283;0;True0.25;0.11000000000000001;0.4;1966069;147790;1233;0;True0.25;0.11000000000000001;0.41000000000000003;1965232;147991;1293;0;True0.25;0.11000000000000001;0.42000000000000004;1962033;147644;1341;0;True0.25;0.11000000000000001;0.43000000000000005;1960949;147222;1295;0;True0.25;0.11000000000000001;0.44000000000000006;1957962;147586;1362;0;True0.25;0.11000000000000001;0.45000000000000007;1955583;147165;1316;0;True0.25;0.12000000000000001;0.35;1967312;147620;1308;0;True0.25;0.12000000000000001;0.36;1962750;147357;1366;0;True0.25;0.12000000000000001;0.37;1958723;146948;1328;0;True0.25;0.12000000000000001;0.38;1959216;147139;1333;0;True0.25;0.12000000000000001;0.39;1957095;147127;1309;0;True0.25;0.12000000000000001;0.4;1955900;147366;1271;0;True0.25;0.12000000000000001;0.41000000000000003;1951768;147025;1284;0;True0.25;0.12000000000000001;0.42000000000000004;1949549;146499;1375;0;True0.25;0.12000000000000001;0.43000000000000005;1945838;145839;1304;0;True0.25;0.12000000000000001;0.44000000000000006;1943569;145959;1348;0;True0.25;0.12000000000000001;0.45000000000000007;1942440;145947;1270;0;True0.25;0.13;0.35;1953320;146867;1304;0;True0.25;0.13;0.36;1956254;147406;1297;0;True0.25;0.13;0.37;1949033;146352;1333;0;True0.25;0.13;0.38;1948283;146734;1349;0;True0.25;0.13;0.39;1945258;145854;1333;0;True0.25;0.13;0.4;1943709;145519;1309;0;True0.25;0.13;0.41000000000000003;1942307;146350;1346;0;True0.25;0.13;0.42000000000000004;1939117;145285;1326;0;True0.25;0.13;0.43000000000000005;1936489;146173;1348;0;True0.25;0.13;0.44000000000000006;1934540;145454;1267;0;True0.25;0.13;0.45000000000000007;1930420;145526;1307;0;True0.25;0.14;0.35;1940995;146344;1319;0;True0.25;0.14;0.36;1937291;145349;1330;0;True0.25;0.14;0.37;1941750;145680;1294;0;True0.25;0.14;0.38;1938929;145923;1295;0;True0.25;0.14;0.39;1935664;145303;1276;0;True0.25;0.14;0.4;1932576;145426;1319;0;True0.25;0.14;0.41000000000000003;1930343;145044;1314;0;True0.25;0.14;0.42000000000000004;1931658;145047;1307;0;True0.25;0.14;0.43000000000000005;1926635;145154;1279;0;True0.25;0.14;0.44000000000000006;1924139;144632;1291;0;True0.25;0.14;0.45000000000000007;1922980;145195;1306;0;True0.25;0.15000000000000002;0.35;1933959;145753;1344;0;True0.25;0.15000000000000002;0.36;1931599;145187;1270;0;True0.25;0.15000000000000002;0.37;1928338;144846;1328;0;True0.25;0.15000000000000002;0.38;1929754;145700;1295;0;True0.25;0.15000000000000002;0.39;1925287;145416;1309;0;True0.25;0.15000000000000002;0.4;1926061;144225;1278;0;True0.25;0.15000000000000002;0.41000000000000003;1922714;144413;1275;0;True0.25;0.15000000000000002;0.42000000000000004;1918438;144459;1264;0;True0.25;0.15000000000000002;0.43000000000000005;1916916;143594;1280;0;True0.25;0.15000000000000002;0.44000000000000006;1913861;143771;1325;0;True0.25;0.15000000000000002;0.45000000000000007;1913162;143338;1297;0;True