0,0.99,2,0.001,500,-10,0,601,1.00,1.00,7010.00,15.00,15.00,15
0,0.99,2,0.001,500,-10,0,601,1.00,1.00,6030.00,13.00,13.00,13
0,0.99,2,0.001,500,-10,0,601,1.00,1.00,5240.00,12.00,12.00,12
0,0.99,2,0.001,500,-10,0,601,1.00,1.00,4810.00,11.00,11.00,11
0,0.99,2,0.001,500,-10,0,601,1.00,1.00,4100.00,10.00,10.00,10
1,0.99,2,0.001,500,-10,0,601,1.00,1.00,5830.00,11.50,11.50,13
2,0.99,2,0.001,500,-10,0,601,1.00,1.00,5780.00,12.00,12.00,13
3,0.99,2,0.001,500,-10,0,601,1.00,1.00,5310.00,12.00,12.00,12
4,0.99,2,0.001,500,-10,0,601,1.00,1.00,6980.00,12.60,12.60,15
5,0.99,2,0.001,500,-10,0,601,1.00,1.00,7420.00,13.17,13.17,16
6,0.99,2,0.001,500,-10,0,601,1.00,1.00,6730.00,13.43,13.43,15
7,0.99,2,0.001,500,-10,0,601,1.00,1.00,7960.00,13.88,13.88,17
8,0.99,2,0.001,500,-10,0,601,1.00,1.00,6400.00,13.89,13.89,14
9,0.99,2,0.001,500,-10,0,601,1.00,1.00,7920.00,14.20,14.20,17
10,0.99,2,0.001,500,-10,0,601,1.00,1.00,7470.00,14.36,14.80,16
11,0.99,2,0.001,500,-10,0,601,1.00,1.00,8340.00,14.67,15.30,18
12,0.99,2,0.001,500,-10,0,601,1.00,1.00,7310.00,14.77,15.60,16
13,0.99,2,0.001,500,-10,0,601,1.00,1.00,7930.00,14.93,16.10,17
14,0.99,2,0.001,500,-10,0,601,1.00,1.00,7180.00,15.00,16.20,16
15,0.99,2,0.001,500,-10,0,601,1.00,0.50,9930.00,15.38,16.70,21
16,0.99,2,0.001,500,-10,0,601,1.00,1.00,8950.00,15.59,17.10,19
17,0.99,2,0.001,500,-10,0,601,1.00,1.00,7840.00,15.67,17.10,17
18,0.99,2,0.001,500,-10,0,601,1.00,1.00,9940.00,15.95,17.80,21
19,0.99,2,0.001,500,-10,0,601,0.00,1.00,9530.00,16.15,18.10,20
20,0.99,2,0.001,500,-10,0,601,1.00,1.00,9970.00,16.38,18.60,21
21,0.99,2,0.001,500,-10,0,601,1.00,1.00,9910.00,16.59,18.90,21
22,0.99,2,0.001,500,-10,0,601,1.00,1.00,8130.00,16.65,19.10,18
23,0.99,2,0.001,500,-10,0,601,1.00,0.50,8940.00,16.75,19.30,19
24,0.99,2,0.001,500,-10,0,601,1.00,1.00,6490.00,16.68,19.20,15
25,0.99,2,0.001,500,-10,0,601,0.00,0.33,6590.00,16.62,18.60,15
26,0.99,2,0.001,500,-10,0,601,0.00,0.50,9330.00,16.74,18.70,20
27,0.99,2,0.001,500,-10,0,601,0.00,1.00,9430.00,16.86,19.00,20
28,0.99,2,0.001,500,-10,0,601,1.00,1.00,8430.00,16.90,18.70,18
29,0.99,2,0.001,500,-10,0,601,0.00,0.50,8750.00,16.97,18.60,19
30,0.99,2,0.001,500,-10,0,601,0.00,0.50,8310.00,17.00,18.30,18
31,0.99,2,0.001,500,-10,0,601,1.00,1.00,8880.00,17.06,18.10,19
0,0.99,2,0.001,500,-10,0,601,1.00,1.00,5870.00,13.00,13.00,13
1,0.99,2,0.001,500,-10,0,601,1.00,1.00,6460.00,13.50,13.50,14
2,0.99,2,0.001,500,-10,0,601,1.00,1.00,5300.00,13.00,13.00,12
3,0.99,2,0.001,500,-10,0,601,1.00,1.00,6220.00,13.25,13.25,14
4,0.99,2,0.001,500,-10,0,601,1.00,1.00,5280.00,13.00,13.00,12
5,0.99,2,0.001,500,-10,0,601,1.00,1.00,5310.00,12.83,12.83,12
6,0.99,2,0.001,500,-10,0,601,1.00,1.00,6340.00,13.00,13.00,14
7,0.99,2,0.001,500,-10,0,601,1.00,1.00,7470.00,13.38,13.38,16
8,0.99,2,0.001,500,-10,0,601,1.00,1.00,5800.00,13.33,13.33,13
9,0.99,2,0.001,500,-10,0,601,1.00,1.00,6940.00,13.50,13.50,15
10,0.99,2,0.001,500,-10,0,601,0.00,1.00,7950.00,13.82,13.90,17
11,0.99,2,0.001,500,-10,0,601,1.00,1.00,7350.00,14.00,14.10,16
12,0.99,2,0.001,500,-10,0,601,0.00,1.00,5730.00,13.92,14.20,13
13,0.99,2,0.001,500,-10,0,601,1.00,1.00,8280.00,14.21,14.60,18
14,0.99,2,0.001,500,-10,0,601,1.00,1.00,7340.00,14.33,15.00,16
15,0.99,2,0.001,500,-10,0,601,1.00,1.00,7830.00,14.50,15.50,17
16,0.99,2,0.001,500,-10,0,601,0.00,1.00,8360.00,14.71,15.90,18
17,0.99,2,0.001,500,-10,0,601,1.00,1.00,8920.00,14.94,16.20,19
18,0.99,2,0.001,500,-10,0,601,1.00,1.00,7910.00,15.05,16.60,17
19,0.99,2,0.001,500,-10,0,601,0.00,1.00,7300.00,15.10,16.70,16
20,0.99,2,0.001,500,-10,0,601,1.00,0.50,7850.00,15.19,16.70,17
21,0.99,2,0.001,500,-10,0,601,0.00,1.00,7840.00,15.27,16.80,17
22,0.99,2,0.001,500,-10,0,601,0.00,0.33,9520.00,15.48,17.50,20
23,0.99,2,0.001,500,-10,0,601,1.00,1.00,10050.00,15.71,17.80,21
24,0.99,2,0.001,500,-10,0,601,0.00,0.25,8450.00,15.80,18.00,18
25,0.99,2,0.001,500,-10,0,601,1.00,1.00,8930.00,15.92,18.20,19
26,0.99,2,0.001,500,-10,0,601,1.00,1.00,7360.00,15.93,18.00,16
27,0.99,2,0.001,500,-10,0,601,0.00,0.50,7440.00,15.93,17.70,16
28,0.99,2,0.001,500,-10,0,601,0.00,0.33,8350.00,16.00,17.80,18
29,0.99,2,0.001,500,-10,0,601,1.00,1.00,7740.00,16.03,17.90,17
30,0.99,2,0.001,500,-10,0,601,1.00,1.00,8220.00,16.10,18.00,18
31,0.99,2,0.001,500,-10,0,601,1.00,1.00,7780.00,16.12,18.00,17
32,0.99,2,0.001,500,-10,0,601,0.00,0.50,8270.00,16.18,17.80,18
33,0.99,2,0.001,500,-10,0,601,0.00,0.20,8310.00,16.24,17.50,18
34,0.99,2,0.001,500,-10,0,601,0.00,1.00,10400.00,16.40,17.90,22
35,0.99,2,0.001,500,-10,0,601,1.00,1.00,7650.00,16.42,17.70,17
36,0.99,2,0.001,500,-10,0,601,1.00,1.00,8810.00,16.49,18.00,19
37,0.99,2,0.001,500,-10,0,601,1.00,1.00,9400.00,16.58,18.40,20
38,0.99,2,0.001,500,-10,0,601,0.00,1.00,9350.00,16.67,18.60,20
39,0.99,2,0.001,500,-10,0,601,1.00,1.00,9880.00,16.77,19.00,21
40,0.99,2,0.001,500,-10,0,601,1.00,1.00,8250.00,16.80,19.00,18
41,0.99,2,0.001,500,-10,0,601,0.00,0.50,8870.00,16.86,19.20,19
42,0.99,2,0.001,500,-10,0,601,0.00,1.00,8370.00,16.88,19.20,18
43,0.99,2,0.001,500,-10,0,601,0.00,1.00,9320.00,16.95,19.40,20
44,0.99,2,0.001,500,-10,0,601,0.00,1.00,8970.00,17.00,19.10,19
45,0.99,2,0.001,500,-10,0,601,0.00,0.33,9250.00,17.07,19.40,20
46,0.99,2,0.001,500,-10,0,601,0.00,0.50,9380.00,17.13,19.50,20
47,0.99,2,0.001,500,-10,0,601,1.00,1.00,8200.00,17.15,19.30,18
48,0.99,2,0.001,500,-10,0,601,0.00,1.00,9890.00,17.22,19.40,21
49,0.99,2,0.001,500,-10,0,601,1.00,1.00,9370.00,17.28,19.30,20
50,0.99,2,0.001,500,-10,0,601,0.00,1.00,9890.00,17.35,19.60,21
51,0.99,2,0.001,500,-10,0,601,0.00,0.50,10940.00,17.46,20.00,23
52,0.99,2,0.001,500,-10,0,601,0.00,0.25,11080.00,17.57,20.50,23
53,0.99,2,0.001,500,-10,0,601,0.00,1.00,8900.00,17.59,20.40,19
54,0.99,2,0.001,500,-10,0,601,1.00,0.33,9420.00,17.64,20.50,20
55,0.99,2,0.001,500,-10,0,601,0.00,1.00,9440.00,17.68,20.50,20
56,0.99,2,0.001,500,-10,0,601,1.00,1.00,8370.00,17.68,20.30,18
57,0.99,2,0.001,500,-10,0,601,0.00,1.00,9280.00,17.72,20.50,20
58,0.99,2,0.001,500,-10,0,601,0.00,1.00,9340.00,17.76,20.40,20
59,0.99,2,0.001,500,-10,0,601,1.00,1.00,9940.00,17.82,20.50,21
60,0.99,2,0.001,500,-10,0,601,0.00,1.00,9300.00,17.85,20.40,20
61,0.99,2,0.001,500,-10,0,601,0.00,0.25,7780.00,17.84,19.80,17
62,0.99,2,0.001,500,-10,0,601,1.00,1.00,11580.00,17.94,19.90,24
63,0.99,2,0.001,500,-10,0,601,0.00,0.17,8870.00,17.95,19.90,19
64,0.99,2,0.001,500,-10,0,601,0.00,0.33,10970.00,18.03,20.20,23
65,0.99,2,0.001,500,-10,0,601,0.00,1.00,10390.00,18.09,20.40,22
66,0.99,2,0.001,500,-10,0,601,0.00,0.50,10440.00,18.15,20.80,22
67,0.99,2,0.001,500,-10,0,601,1.00,0.50,9930.00,18.19,20.90,21
68,0.99,2,0.001,500,-10,0,601,1.00,0.33,9920.00,18.23,21.00,21
69,0.99,2,0.001,500,-10,0,601,0.00,1.00,9330.00,18.26,20.90,20
70,0.99,2,0.001,500,-10,0,601,1.00,1.00,9870.00,18.30,21.00,21
71,0.99,2,0.001,500,-10,0,601,0.00,0.50,10900.00,18.36,21.60,23
72,0.99,2,0.001,500,-10,0,601,0.00,1.00,10880.00,18.42,21.50,23
73,0.99,2,0.001,500,-10,0,601,1.00,1.00,9400.00,18.45,21.60,20
74,0.99,2,0.001,500,-10,0,601,0.00,1.00,10580.00,18.49,21.50,22
75,0.99,2,0.001,500,-10,0,601,0.00,1.00,10460.00,18.54,21.50,22
76,0.99,2,0.001,500,-10,0,601,0.00,0.50,8840.00,18.55,21.20,19
77,0.99,2,0.001,500,-10,0,601,0.00,0.14,10410.00,18.59,21.30,22
78,0.99,2,0.001,500,-10,0,601,0.00,0.25,11500.00,18.66,21.60,24
79,0.99,2,0.001,500,-10,0,601,0.00,0.12,9930.00,18.69,21.70,21
80,0.99,2,0.001,500,-10,0,601,0.00,1.00,8810.00,18.69,21.50,19
81,0.99,2,0.001,500,-10,0,601,0.00,1.00,10970.00,18.74,21.50,23
82,0.99,2,0.001,500,-10,0,601,0.00,0.33,9950.00,18.77,21.30,21
83,0.99,2,0.001,500,-10,0,601,0.00,1.00,10480.00,18.81,21.50,22
84,0.99,2,0.001,500,-10,0,601,1.00,1.00,9440.00,18.82,21.30,20
85,0.99,2,0.001,500,-10,0,601,0.00,0.25,9930.00,18.85,21.20,21
86,0.99,2,0.001,500,-10,0,601,0.00,0.50,10470.00,18.89,21.50,22
87,0.99,2,0.001,500,-10,0,601,0.00,0.20,10430.00,18.92,21.50,22
88,0.99,2,0.001,500,-10,0,601,1.00,0.50,11700.00,18.98,21.50,24
89,0.99,2,0.001,500,-10,0,601,0.00,0.50,10340.00,19.01,21.60,22
90,0.99,2,0.001,500,-10,0,601,0.00,0.25,12120.00,19.08,22.20,25
91,0.99,2,0.001,500,-10,0,601,1.00,0.50,10440.00,19.11,22.10,22
92,0.99,2,0.001,500,-10,0,601,0.00,0.14,11050.00,19.15,22.30,23
93,0.99,2,0.001,500,-10,0,601,0.00,0.11,9430.00,19.16,22.10,20
94,0.99,2,0.001,500,-10,0,601,0.00,1.00,11020.00,19.20,22.40,23
95,0.99,2,0.001,500,-10,0,601,1.00,1.00,11070.00,19.24,22.60,23
96,0.99,2,0.001,500,-10,0,601,0.00,0.50,11470.00,19.29,22.80,24
97,0.99,2,0.001,500,-10,0,601,0.00,1.00,9970.00,19.31,22.70,21
98,0.99,2,0.001,500,-10,0,601,1.00,0.20,10390.00,19.33,22.50,22
99,0.99,2,0.001,500,-10,0,601,0.00,0.33,11060.00,19.37,22.60,23
100,0.99,2,0.001,500,-10,0,601,1.00,1.00,11540.00,19.42,22.50,24
0,0.99,2,0.001,500,-10,0,601,1.00,1.00,4790.00,11.00,11.00,11
1,0.99,2,0.001,500,-10,0,601,1.00,1.00,5150.00,11.50,11.50,12
2,0.99,2,0.001,500,-10,0,601,1.00,1.00,6400.00,12.33,12.33,14
3,0.99,2,0.001,500,-10,0,601,1.00,1.00,6420.00,12.75,12.75,14
4,0.99,2,0.001,500,-10,0,601,1.00,1.00,6230.00,13.00,13.00,14
5,0.99,2,0.001,500,-10,0,601,1.00,0.50,6940.00,13.33,13.33,15
6,0.99,2,0.001,500,-10,0,601,1.00,1.00,6930.00,13.57,13.57,15
7,0.99,2,0.001,500,-10,0,601,1.00,1.00,7370.00,13.88,13.88,16
8,0.99,2,0.001,500,-10,0,601,1.00,1.00,6870.00,14.00,14.00,15
9,0.99,2,0.001,500,-10,0,601,1.00,1.00,6880.00,14.10,14.10,15
10,0.99,2,0.001,500,-10,0,601,0.00,1.00,6760.00,14.18,14.50,15
11,0.99,2,0.001,500,-10,0,601,1.00,0.50,7360.00,14.33,14.90,16
12,0.99,2,0.001,500,-10,0,601,1.00,1.00,7870.00,14.54,15.20,17
13,0.99,2,0.001,500,-10,0,601,1.00,1.00,7320.00,14.64,15.40,16
14,0.99,2,0.001,500,-10,0,601,1.00,1.00,9030.00,14.93,15.90,19
15,0.99,2,0.001,500,-10,0,601,1.00,1.00,7930.00,15.06,16.10,17
16,0.99,2,0.001,500,-10,0,601,1.00,0.50,8390.00,15.24,16.40,18
17,0.99,2,0.001,500,-10,0,601,1.00,1.00,8270.00,15.39,16.60,18
18,0.99,2,0.001,500,-10,0,601,0.00,1.00,7820.00,15.47,16.80,17
19,0.99,2,0.001,500,-10,0,601,1.00,0.50,9020.00,15.65,17.20,19
20,0.99,2,0.001,500,-10,0,601,1.00,1.00,9030.00,15.81,17.60,19
21,0.99,2,0.001,500,-10,0,601,0.00,1.00,10040.00,16.05,18.10,21
22,0.99,2,0.001,500,-10,0,601,1.00,0.33,9510.00,16.22,18.40,20
23,0.99,2,0.001,500,-10,0,601,1.00,1.00,8870.00,16.33,18.70,19
24,0.99,2,0.001,500,-10,0,601,0.00,0.33,8430.00,16.40,18.60,18
25,0.99,2,0.001,500,-10,0,601,0.00,1.00,8490.00,16.46,18.70,18
26,0.99,2,0.001,500,-10,0,601,0.00,0.25,8370.00,16.52,18.70,18
27,0.99,2,0.001,500,-10,0,601,0.00,1.00,8940.00,16.61,18.80,19
28,0.99,2,0.001,500,-10,0,601,0.00,1.00,10590.00,16.79,19.30,22
29,0.99,2,0.001,500,-10,0,601,0.00,1.00,8390.00,16.83,19.20,18
30,0.99,2,0.001,500,-10,0,601,1.00,1.00,9470.00,16.94,19.30,20
31,0.99,2,0.001,500,-10,0,601,0.00,1.00,8400.00,16.97,19.00,18
32,0.99,2,0.001,500,-10,0,601,0.00,0.50,8790.00,17.03,18.90,19
33,0.99,2,0.001,500,-10,0,601,0.00,1.00,8390.00,17.06,18.80,18
34,0.99,2,0.001,500,-10,0,601,1.00,1.00,8340.00,17.09,18.80,18
35,0.99,2,0.001,500,-10,0,601,1.00,0.50,10020.00,17.19,19.10,21
36,0.99,2,0.001,500,-10,0,601,0.00,0.50,8260.00,17.22,19.10,18
37,0.99,2,0.001,500,-10,0,601,1.00,1.00,7750.00,17.21,18.90,17
38,0.99,2,0.001,500,-10,0,601,1.00,1.00,9770.00,17.31,18.80,21
39,0.99,2,0.001,500,-10,0,601,1.00,1.00,9990.00,17.40,19.10,21
40,0.99,2,0.001,500,-10,0,601,0.00,1.00,8910.00,17.44,19.00,19
41,0.99,2,0.001,500,-10,0,601,0.00,0.50,8820.00,17.48,19.10,19
42,0.99,2,0.001,500,-10,0,601,1.00,1.00,8910.00,17.51,19.10,19
43,0.99,2,0.001,500,-10,0,601,0.00,1.00,8920.00,17.55,19.20,19
44,0.99,2,0.001,500,-10,0,601,1.00,0.33,9960.00,17.62,19.50,21
45,0.99,2,0.001,500,-10,0,601,1.00,1.00,9880.00,17.70,19.50,21
46,0.99,2,0.001,500,-10,0,601,0.00,0.33,8890.00,17.72,19.60,19
47,0.99,2,0.001,500,-10,0,601,1.00,1.00,9870.00,17.79,20.00,21
48,0.99,2,0.001,500,-10,0,601,0.00,0.50,7810.00,17.78,19.60,17
49,0.99,2,0.001,500,-10,0,601,1.00,1.00,10600.00,17.86,19.70,22
50,0.99,2,0.001,500,-10,0,601,0.00,0.25,8780.00,17.88,19.70,19
51,0.99,2,0.001,500,-10,0,601,1.00,1.00,9500.00,17.92,19.80,20
52,0.99,2,0.001,500,-10,0,601,0.00,0.33,9840.00,17.98,20.00,21
53,0.99,2,0.001,500,-10,0,601,0.00,0.50,9910.00,18.04,20.20,21
54,0.99,2,0.001,500,-10,0,601,0.00,1.00,9890.00,18.09,20.20,21
55,0.99,2,0.001,500,-10,0,601,0.00,0.50,9990.00,18.14,20.20,21
56,0.99,2,0.001,500,-10,0,601,1.00,1.00,11000.00,18.23,20.60,23
57,0.99,2,0.001,500,-10,0,601,0.00,0.33,10500.00,18.29,20.70,22
58,0.99,2,0.001,500,-10,0,601,0.00,0.25,9290.00,18.32,21.00,20
59,0.99,2,0.001,500,-10,0,601,0.00,0.25,9470.00,18.35,20.80,20
60,0.99,2,0.001,500,-10,0,601,1.00,0.50,8890.00,18.36,20.80,19
61,0.99,2,0.001,500,-10,0,601,0.00,0.25,8900.00,18.37,20.70,19
62,0.99,2,0.001,500,-10,0,601,0.00,0.50,8890.00,18.38,20.50,19
63,0.99,2,0.001,500,-10,0,601,0.00,0.20,9930.00,18.42,20.50,21
64,0.99,2,0.001,500,-10,0,601,1.00,1.00,10570.00,18.48,20.60,22
65,0.99,2,0.001,500,-10,0,601,0.00,1.00,9420.00,18.50,20.50,20
66,0.99,2,0.001,500,-10,0,601,0.00,1.00,11060.00,18.57,20.50,23
67,0.99,2,0.001,500,-10,0,601,1.00,1.00,9820.00,18.60,20.40,21
68,0.99,2,0.001,500,-10,0,601,0.00,0.50,10490.00,18.65,20.60,22
69,0.99,2,0.001,500,-10,0,601,0.00,0.50,9310.00,18.67,20.60,20
70,0.99,2,0.001,500,-10,0,601,1.00,0.33,10900.00,18.73,21.00,23
71,0.99,2,0.001,500,-10,0,601,0.00,0.25,11460.00,18.81,21.50,24
72,0.99,2,0.001,500,-10,0,601,0.00,1.00,9880.00,18.84,21.70,21
73,0.99,2,0.001,500,-10,0,601,1.00,0.20,8890.00,18.84,21.50,19
74,0.99,2,0.001,500,-10,0,601,0.00,0.20,10380.00,18.88,21.50,22
75,0.99,2,0.001,500,-10,0,601,0.00,0.50,8890.00,18.88,21.40,19
76,0.99,2,0.001,500,-10,0,601,0.00,1.00,9200.00,18.90,21.10,20
77,0.99,2,0.001,500,-10,0,601,1.00,1.00,9940.00,18.92,21.10,21
78,0.99,2,0.001,500,-10,0,601,1.00,1.00,9300.00,18.94,20.90,20
79,0.99,2,0.001,500,-10,0,601,0.00,0.33,9030.00,18.94,20.80,19
80,0.99,2,0.001,500,-10,0,601,0.00,0.33,9360.00,18.95,20.50,20
81,0.99,2,0.001,500,-10,0,601,0.00,0.33,9310.00,18.96,20.10,20
82,0.99,2,0.001,500,-10,0,601,1.00,0.50,8660.00,18.96,19.90,19
83,0.99,2,0.001,500,-10,0,601,0.00,0.25,9460.00,18.98,20.00,20
84,0.99,2,0.001,500,-10,0,601,0.00,0.25,9350.00,18.99,19.80,20
85,0.99,2,0.001,500,-10,0,601,0.00,0.20,10440.00,19.02,20.10,22
86,0.99,2,0.001,500,-10,0,601,1.00,1.00,9390.00,19.03,20.10,20
87,0.99,2,0.001,500,-10,0,601,0.00,0.17,8270.00,19.02,19.80,18
88,0.99,2,0.001,500,-10,0,601,0.00,1.00,9880.00,19.04,19.90,21
89,0.99,2,0.001,500,-10,0,601,0.00,0.25,10510.00,19.08,20.20,22
90,0.99,2,0.001,500,-10,0,601,1.00,1.00,9280.00,19.09,20.20,20
91,0.99,2,0.001,500,-10,0,601,0.00,0.20,10350.00,19.12,20.40,22
92,0.99,2,0.001,500,-10,0,601,1.00,1.00,10480.00,19.15,20.70,22
93,0.99,2,0.001,500,-10,0,601,0.00,0.50,11470.00,19.20,21.10,24
94,0.99,2,0.001,500,-10,0,601,1.00,0.33,11030.00,19.24,21.40,23
95,0.99,2,0.001,500,-10,0,601,0.00,0.17,11410.00,19.29,21.60,24
96,0.99,2,0.001,500,-10,0,601,0.00,0.50,9920.00,19.31,21.70,21
97,0.99,2,0.001,500,-10,0,601,1.00,1.00,11580.00,19.36,22.30,24
98,0.99,2,0.001,500,-10,0,601,1.00,1.00,11570.00,19.40,22.60,24
99,0.99,2,0.001,500,-10,0,601,0.00,1.00,13170.00,19.48,23.10,27
100,0.99,2,0.001,500,-10,0,601,0.00,1.00,10950.00,19.51,23.40,23
101,0.99,2,0.001,500,-10,0,601,0.00,0.50,11470.00,19.56,23.60,24
102,0.99,2,0.001,500,-10,0,601,0.00,0.33,12170.00,19.61,23.90,25
103,0.99,2,0.001,500,-10,0,601,0.00,0.33,10510.00,19.63,23.70,22
104,0.99,2,0.001,500,-10,0,601,1.00,1.00,11580.00,19.68,23.80,24
105,0.99,2,0.001,500,-10,0,601,0.00,0.33,10880.00,19.71,23.70,23
106,0.99,2,0.001,500,-10,0,601,0.00,1.00,12650.00,19.77,24.20,26
107,0.99,2,0.001,500,-10,0,601,0.00,1.00,10940.00,19.80,24.10,23
108,0.99,2,0.001,500,-10,0,601,0.00,0.33,11030.00,19.83,24.00,23
109,0.99,2,0.001,500,-10,0,601,0.00,1.00,10350.00,19.85,23.50,22
110,0.99,2,0.001,500,-10,0,601,1.00,1.00,10450.00,19.86,23.40,22
111,0.99,2,0.001,500,-10,0,601,0.00,1.00,12080.00,19.91,23.50,25
112,0.99,2,0.001,500,-10,0,601,1.00,1.00,10560.00,19.93,23.20,22
113,0.99,2,0.001,500,-10,0,601,0.00,1.00,12000.00,19.97,23.50,25
114,0.99,2,0.001,500,-10,0,601,0.00,0.25,11530.00,20.01,23.50,24
115,0.99,2,0.001,500,-10,0,601,0.00,0.25,12090.00,20.05,23.70,25
116,0.99,2,0.001,500,-10,0,601,0.00,0.50,11470.00,20.09,23.50,24
117,0.99,2,0.001,500,-10,0,601,0.00,1.00,10620.00,20.10,23.40,22
118,0.99,2,0.001,500,-10,0,601,0.00,1.00,10960.00,20.13,23.40,23
119,0.99,2,0.001,500,-10,0,601,1.00,1.00,10980.00,20.15,23.50,23
120,0.99,2,0.001,500,-10,0,601,1.00,0.12,11470.00,20.18,23.70,24
121,0.99,2,0.001,500,-10,0,601,1.00,0.25,9900.00,20.19,23.30,21
122,0.99,2,0.001,500,-10,0,601,0.00,0.17,11540.00,20.22,23.50,24
123,0.99,2,0.001,500,-10,0,601,0.00,1.00,10490.00,20.23,23.20,22
124,0.99,2,0.001,500,-10,0,601,0.00,1.00,11050.00,20.26,23.10,23
125,0.99,2,0.001,500,-10,0,601,0.00,0.33,12050.00,20.29,23.10,25
126,0.99,2,0.001,500,-10,0,601,0.00,1.00,10450.00,20.31,22.90,22
127,0.99,2,0.001,500,-10,0,601,0.00,0.20,12120.00,20.34,23.20,25
128,0.99,2,0.001,500,-10,0,601,0.00,1.00,12070.00,20.38,23.40,25
129,0.99,2,0.001,500,-10,0,601,0.00,0.25,11570.00,20.41,23.50,24
130,0.99,2,0.001,500,-10,0,601,0.00,0.50,12650.00,20.45,23.70,26
131,0.99,2,0.001,500,-10,0,601,0.00,1.00,12690.00,20.49,24.20,26
132,0.99,2,0.001,500,-10,0,601,0.00,0.33,10980.00,20.51,24.10,23
133,0.99,2,0.001,500,-10,0,601,0.00,0.50,12030.00,20.54,24.40,25
134,0.99,2,0.001,500,-10,0,601,0.00,0.20,12050.00,20.58,24.60,25
135,0.99,2,0.001,500,-10,0,601,0.00,0.20,12510.00,20.62,24.70,26
136,0.99,2,0.001,500,-10,0,601,0.00,0.20,12120.00,20.65,25.00,25
137,0.99,2,0.001,500,-10,0,601,0.00,0.17,12690.00,20.69,25.10,26
138,0.99,2,0.001,500,-10,0,601,0.00,0.33,12010.00,20.72,25.10,25
139,0.99,2,0.001,500,-10,0,601,0.00,0.17,12180.00,20.75,25.20,25
140,0.99,2,0.001,500,-10,0,601,0.00,0.17,9850.00,20.75,24.70,21
141,0.99,2,0.001,500,-10,0,601,0.00,0.14,11540.00,20.77,24.50,24
142,0.99,2,0.001,500,-10,0,601,0.00,0.50,11560.00,20.80,24.60,24
143,0.99,2,0.001,500,-10,0,601,0.00,0.14,13130.00,20.84,24.80,27
144,0.99,2,0.001,500,-10,0,601,0.00,0.25,12020.00,20.87,24.80,25
145,0.99,2,0.001,500,-10,0,601,0.00,0.25,11470.00,20.89,24.60,24
146,0.99,2,0.001,500,-10,0,601,0.00,0.25,13090.00,20.93,24.80,27
147,0.99,2,0.001,500,-10,0,601,0.00,0.12,12080.00,20.96,24.70,25
148,0.99,2,0.001,500,-10,0,601,0.00,0.12,12070.00,20.99,24.70,25
149,0.99,2,0.001,500,-10,0,601,0.00,0.20,12640.00,21.02,24.80,26
150,0.99,2,0.001,500,-10,0,601,0.00,1.00,12110.00,21.05,25.20,25
151,0.99,2,0.001,500,-10,0,601,0.00,0.50,10990.00,21.06,25.10,23
152,0.99,2,0.001,500,-10,0,601,0.00,0.14,11480.00,21.08,25.10,24
153,0.99,2,0.001,500,-10,0,601,0.00,0.11,13210.00,21.12,25.10,27
154,0.99,2,0.001,500,-10,0,601,0.00,0.10,11600.00,21.14,25.00,24
0,0.99,2,0.001,500,-10,0,601,1.00,1.00,5330.00,12.00,12.00,12
1,0.99,2,0.001,500,-10,0,601,1.00,1.00,4650.00,11.50,11.50,11
2,0.99,2,0.001,500,-10,0,601,1.00,1.00,5260.00,11.67,11.67,12
3,0.99,2,0.001,500,-10,0,601,1.00,1.00,5770.00,12.00,12.00,13
4,0.99,2,0.001,500,-10,0,601,1.00,1.00,6370.00,12.40,12.40,14
5,0.99,2,0.001,500,-10,0,601,1.00,1.00,6880.00,12.83,12.83,15
6,0.99,2,0.001,500,-10,0,601,1.00,1.00,7390.00,13.29,13.29,16
7,0.99,2,0.001,500,-10,0,601,1.00,1.00,7390.00,13.62,13.62,16
8,0.99,2,0.001,500,-10,0,601,1.00,1.00,8310.00,14.11,14.11,18
9,0.99,2,0.001,500,-10,0,601,1.00,1.00,8560.00,14.50,14.50,18
10,0.99,2,0.001,500,-10,0,601,1.00,1.00,8350.00,14.82,15.10,18
11,0.99,2,0.001,500,-10,0,601,1.00,1.00,7810.00,15.00,15.70,17
12,0.99,2,0.001,500,-10,0,601,1.00,1.00,8490.00,15.23,16.30,18
13,0.99,2,0.001,500,-10,0,601,0.00,0.50,7770.00,15.36,16.70,17
14,0.99,2,0.001,500,-10,0,601,1.00,1.00,7920.00,15.47,17.00,17
15,0.99,2,0.001,500,-10,0,601,1.00,1.00,8380.00,15.62,17.30,18
16,0.99,2,0.001,500,-10,0,601,1.00,1.00,9610.00,15.88,17.70,20
17,0.99,2,0.001,500,-10,0,601,0.00,1.00,6740.00,15.83,17.60,15
18,0.99,2,0.001,500,-10,0,601,1.00,1.00,7220.00,15.84,17.40,16
19,0.99,2,0.001,500,-10,0,601,0.00,1.00,9990.00,16.10,17.70,21
20,0.99,2,0.001,500,-10,0,601,1.00,1.00,8310.00,16.19,17.70,18
21,0.99,2,0.001,500,-10,0,601,0.00,1.00,9430.00,16.36,18.00,20
22,0.99,2,0.001,500,-10,0,601,1.00,1.00,8930.00,16.48,18.10,19
23,0.99,2,0.001,500,-10,0,601,0.00,1.00,11130.00,16.75,18.70,23
24,0.99,2,0.001,500,-10,0,601,0.00,0.50,8990.00,16.84,18.90,19
25,0.99,2,0.001,500,-10,0,601,1.00,1.00,8850.00,16.92,19.00,19
26,0.99,2,0.001,500,-10,0,601,1.00,0.50,9430.00,17.04,19.00,20
27,0.99,2,0.001,500,-10,0,601,0.00,0.50,9390.00,17.14,19.50,20
28,0.99,2,0.001,500,-10,0,601,1.00,1.00,8840.00,17.21,19.80,19
29,0.99,2,0.001,500,-10,0,601,0.00,0.33,9370.00,17.30,19.70,20
30,0.99,2,0.001,500,-10,0,601,0.00,0.25,8410.00,17.32,19.70,18
31,0.99,2,0.001,500,-10,0,601,0.00,0.33,7780.00,17.31,19.40,17
32,0.99,2,0.001,500,-10,0,601,1.00,1.00,8230.00,17.33,19.30,18
33,0.99,2,0.001,500,-10,0,601,0.00,1.00,8820.00,17.38,18.90,19
34,0.99,2,0.001,500,-10,0,601,0.00,0.50,8820.00,17.43,18.90,19
35,0.99,2,0.001,500,-10,0,601,0.00,1.00,9410.00,17.50,19.00,20
36,0.99,2,0.001,500,-10,0,601,0.00,0.25,8960.00,17.54,18.90,19
37,0.99,2,0.001,500,-10,0,601,0.00,0.50,8950.00,17.58,18.80,19
38,0.99,2,0.001,500,-10,0,601,1.00,1.00,8860.00,17.62,18.80,19
39,0.99,2,0.001,500,-10,0,601,0.00,0.33,9480.00,17.68,18.80,20
40,0.99,2,0.001,500,-10,0,601,0.00,1.00,9580.00,17.73,19.00,20
41,0.99,2,0.001,500,-10,0,601,0.00,1.00,10010.00,17.81,19.40,21
42,0.99,2,0.001,500,-10,0,601,0.00,1.00,8890.00,17.84,19.50,19
43,0.99,2,0.001,500,-10,0,601,1.00,1.00,8340.00,17.84,19.40,18
44,0.99,2,0.001,500,-10,0,601,1.00,1.00,9850.00,17.91,19.60,21
45,0.99,2,0.001,500,-10,0,601,0.00,1.00,8900.00,17.93,19.50,19
46,0.99,2,0.001,500,-10,0,601,1.00,1.00,9370.00,17.98,19.60,20
47,0.99,2,0.001,500,-10,0,601,0.00,1.00,9450.00,18.02,19.70,20
48,0.99,2,0.001,500,-10,0,601,0.00,0.20,7210.00,17.98,19.40,16
49,0.99,2,0.001,500,-10,0,601,0.00,0.50,11020.00,18.08,19.70,23
50,0.99,2,0.001,500,-10,0,601,0.00,0.25,8880.00,18.10,19.60,19
51,0.99,2,0.001,500,-10,0,601,0.00,0.33,9370.00,18.13,19.50,20
52,0.99,2,0.001,500,-10,0,601,0.00,1.00,8840.00,18.15,19.50,19
53,0.99,2,0.001,500,-10,0,601,0.00,0.33,10500.00,18.22,19.90,22
54,0.99,2,0.001,500,-10,0,601,0.00,1.00,9930.00,18.27,19.90,21
55,0.99,2,0.001,500,-10,0,601,0.00,1.00,9390.00,18.30,20.00,20
56,0.99,2,0.001,500,-10,0,601,0.00,0.33,10380.00,18.37,20.20,22
57,0.99,2,0.001,500,-10,0,601,1.00,0.50,8910.00,18.38,20.10,19
58,0.99,2,0.001,500,-10,0,601,0.00,0.50,9670.00,18.42,20.60,21
59,0.99,2,0.001,500,-10,0,601,1.00,0.50,8680.00,18.43,20.20,19
60,0.99,2,0.001,500,-10,0,601,0.00,0.25,10000.00,18.48,20.40,21
61,0.99,2,0.001,500,-10,0,601,0.00,0.17,9330.00,18.50,20.40,20
62,0.99,2,0.001,500,-10,0,601,0.00,0.20,8860.00,18.51,20.40,19
63,0.99,2,0.001,500,-10,0,601,0.00,1.00,9460.00,18.53,20.20,20
64,0.99,2,0.001,500,-10,0,601,1.00,1.00,10450.00,18.58,20.30,22
65,0.99,2,0.001,500,-10,0,601,0.00,1.00,9970.00,18.62,20.40,21
66,0.99,2,0.001,500,-10,0,601,1.00,1.00,9950.00,18.66,20.30,21
67,0.99,2,0.001,500,-10,0,601,0.00,0.50,9320.00,18.68,20.40,20
68,0.99,2,0.001,500,-10,0,601,1.00,0.50,8850.00,18.68,20.20,19
69,0.99,2,0.001,500,-10,0,601,0.00,0.50,8780.00,18.69,20.20,19
70,0.99,2,0.001,500,-10,0,601,0.00,1.00,10960.00,18.75,20.40,23
71,0.99,2,0.001,500,-10,0,601,1.00,1.00,9960.00,18.78,20.50,21
72,0.99,2,0.001,500,-10,0,601,1.00,1.00,8360.00,18.77,20.40,18
73,0.99,2,0.001,500,-10,0,601,1.00,0.33,9450.00,18.78,20.40,20
74,0.99,2,0.001,500,-10,0,601,0.00,1.00,9880.00,18.81,20.30,21
75,0.99,2,0.001,500,-10,0,601,1.00,1.00,9410.00,18.83,20.20,20
76,0.99,2,0.001,500,-10,0,601,0.00,0.33,9830.00,18.86,20.20,21
77,0.99,2,0.001,500,-10,0,601,0.00,1.00,10540.00,18.90,20.40,22
78,0.99,2,0.001,500,-10,0,601,1.00,1.00,10490.00,18.94,20.70,22
79,0.99,2,0.001,500,-10,0,601,0.00,1.00,11530.00,19.00,21.20,24
80,0.99,2,0.001,500,-10,0,601,0.00,1.00,10010.00,19.02,21.00,21
81,0.99,2,0.001,500,-10,0,601,1.00,1.00,9390.00,19.04,20.90,20
82,0.99,2,0.001,500,-10,0,601,0.00,0.25,9260.00,19.05,21.10,20
83,0.99,2,0.001,500,-10,0,601,1.00,1.00,8740.00,19.05,21.00,19
84,0.99,2,0.001,500,-10,0,601,0.00,0.17,11010.00,19.09,21.20,23
85,0.99,2,0.001,500,-10,0,601,0.00,0.14,9530.00,19.10,21.20,20
86,0.99,2,0.001,500,-10,0,601,1.00,0.33,8250.00,19.09,20.90,18
87,0.99,2,0.001,500,-10,0,601,0.00,0.33,8750.00,19.09,20.60,19
88,0.99,2,0.001,500,-10,0,601,1.00,1.00,9400.00,19.10,20.40,20
89,0.99,2,0.001,500,-10,0,601,0.00,0.50,10020.00,19.12,20.10,21
90,0.99,2,0.001,500,-10,0,601,0.00,0.25,10970.00,19.16,20.30,23
91,0.99,2,0.001,500,-10,0,601,0.00,1.00,11150.00,19.21,20.60,23
92,0.99,2,0.001,500,-10,0,601,1.00,1.00,11090.00,19.25,20.90,23
93,0.99,2,0.001,500,-10,0,601,0.00,0.50,10970.00,19.29,21.30,23
94,0.99,2,0.001,500,-10,0,601,0.00,0.33,12510.00,19.36,21.60,26
95,0.99,2,0.001,500,-10,0,601,0.00,0.50,11000.00,19.40,21.90,23
96,0.99,2,0.001,500,-10,0,601,0.00,1.00,10960.00,19.43,22.40,23
97,0.99,2,0.001,500,-10,0,601,0.00,0.25,11490.00,19.48,22.90,24
98,0.99,2,0.001,500,-10,0,601,0.00,1.00,10900.00,19.52,23.20,23
99,0.99,2,0.001,500,-10,0,601,1.00,1.00,9390.00,19.52,23.10,20
100,0.99,2,0.001,500,-10,0,601,1.00,1.00,11580.00,19.56,23.20,24
101,0.99,2,0.001,500,-10,0,601,0.00,0.50,10980.00,19.60,23.20,23
102,0.99,2,0.001,500,-10,0,601,0.00,1.00,11510.00,19.64,23.30,24
103,0.99,2,0.001,500,-10,0,601,1.00,1.00,11110.00,19.67,23.30,23
104,0.99,2,0.001,500,-10,0,601,0.00,0.25,12160.00,19.72,23.20,25
105,0.99,2,0.001,500,-10,0,601,0.00,0.50,10350.00,19.75,23.10,22
106,0.99,2,0.001,500,-10,0,601,1.00,1.00,10440.00,19.77,23.00,22
107,0.99,2,0.001,500,-10,0,601,0.00,0.50,10400.00,19.79,22.80,22
108,0.99,2,0.001,500,-10,0,601,0.00,1.00,11980.00,19.83,23.00,25
109,0.99,2,0.001,500,-10,0,601,0.00,1.00,11010.00,19.86,23.30,23
110,0.99,2,0.001,500,-10,0,601,0.00,0.33,11120.00,19.89,23.20,23
111,0.99,2,0.001,500,-10,0,601,0.00,0.33,13220.00,19.96,23.60,27
112,0.99,2,0.001,500,-10,0,601,1.00,0.50,11550.00,19.99,23.60,24
113,0.99,2,0.001,500,-10,0,601,0.00,0.25,12140.00,20.04,23.80,25
114,0.99,2,0.001,500,-10,0,601,0.00,0.20,11520.00,20.07,23.70,24
115,0.99,2,0.001,500,-10,0,601,0.00,1.00,11610.00,20.10,23.90,24
116,0.99,2,0.001,500,-10,0,601,0.00,0.33,11450.00,20.14,24.10,24
117,0.99,2,0.001,500,-10,0,601,0.00,1.00,11540.00,20.17,24.30,24
118,0.99,2,0.001,500,-10,0,601,0.00,0.20,11470.00,20.20,24.20,24
119,0.99,2,0.001,500,-10,0,601,0.00,0.50,12520.00,20.25,24.50,26
120,0.99,2,0.001,500,-10,0,601,0.00,0.25,12100.00,20.29,24.70,25
121,0.99,2,0.001,500,-10,0,601,0.00,0.33,12660.00,20.34,24.60,26
122,0.99,2,0.001,500,-10,0,601,0.00,1.00,12140.00,20.37,24.70,25
123,0.99,2,0.001,500,-10,0,601,0.00,0.25,13220.00,20.43,24.90,27
124,0.99,2,0.001,500,-10,0,601,0.00,0.50,11540.00,20.46,24.90,24
125,0.99,2,0.001,500,-10,0,601,1.00,1.00,11520.00,20.48,24.90,24
126,0.99,2,0.001,500,-10,0,601,0.00,1.00,12110.00,20.52,25.00,25
127,0.99,2,0.001,500,-10,0,601,0.00,0.20,10990.00,20.54,24.90,23
128,0.99,2,0.001,500,-10,0,601,0.00,0.17,13780.00,20.60,25.30,28
129,0.99,2,0.001,500,-10,0,601,0.00,0.14,11480.00,20.62,25.10,24
130,0.99,2,0.001,500,-10,0,601,0.00,1.00,11990.00,20.66,25.10,25
131,0.99,2,0.001,500,-10,0,601,1.00,1.00,11070.00,20.67,24.80,23
132,0.99,2,0.001,500,-10,0,601,0.00,0.20,12010.00,20.71,24.80,25
133,0.99,2,0.001,500,-10,0,601,0.00,0.33,12080.00,20.74,24.60,25
134,0.99,2,0.001,500,-10,0,601,1.00,1.00,12180.00,20.77,24.70,25
135,0.99,2,0.001,500,-10,0,601,0.00,0.50,12130.00,20.80,24.80,25
136,0.99,2,0.001,500,-10,0,601,0.00,0.25,12670.00,20.84,24.90,26
137,0.99,2,0.001,500,-10,0,601,0.00,1.00,12550.00,20.88,25.20,26
138,0.99,2,0.001,500,-10,0,601,0.00,0.25,12550.00,20.91,25.00,26
139,0.99,2,0.001,500,-10,0,601,0.00,0.20,12640.00,20.95,25.20,26
140,0.99,2,0.001,500,-10,0,601,0.00,0.17,10830.00,20.96,25.00,23
141,0.99,2,0.001,500,-10,0,601,0.00,0.12,13740.00,21.01,25.50,28
142,0.99,2,0.001,500,-10,0,601,0.00,0.17,11530.00,21.03,25.40,24
143,0.99,2,0.001,500,-10,0,601,0.00,0.14,12600.00,21.07,25.50,26
144,0.99,2,0.001,500,-10,0,601,0.00,0.17,11030.00,21.08,25.30,23
145,0.99,2,0.001,500,-10,0,601,0.00,1.00,13200.00,21.12,25.50,27
146,0.99,2,0.001,500,-10,0,601,1.00,1.00,13120.00,21.16,25.60,27
147,0.99,2,0.001,500,-10,0,601,0.00,0.25,12730.00,21.20,25.60,26
148,0.99,2,0.001,500,-10,0,601,0.00,0.14,12090.00,21.22,25.50,25
149,0.99,2,0.001,500,-10,0,601,0.00,0.25,10490.00,21.23,25.10,22
150,0.99,2,0.001,500,-10,0,601,0.00,0.25,12580.00,21.26,25.40,26
151,0.99,2,0.001,500,-10,0,601,0.00,0.14,11530.00,21.28,25.00,24
152,0.99,2,0.001,500,-10,0,601,0.00,1.00,12620.00,21.31,25.20,26
153,0.99,2,0.001,500,-10,0,601,0.00,1.00,13100.00,21.34,25.30,27
154,0.99,2,0.001,500,-10,0,601,0.00,0.12,12000.00,21.37,25.50,25
155,0.99,2,0.001,500,-10,0,601,0.00,0.11,13570.00,21.41,25.60,28
156,0.99,2,0.001,500,-10,0,601,0.00,0.07,13070.00,21.45,25.60,27
157,0.99,2,0.001,500,-10,0,601,0.00,0.17,13150.00,21.48,25.70,27
158,0.99,2,0.001,500,-10,0,601,0.00,0.50,12660.00,21.51,25.80,26
0,0.99,2,0.001,500,-10,0,601,1.00,1.00,6460.00,14.00,14.00,14
1,0.99,2,0.001,500,-10,0,601,1.00,1.00,5750.00,13.50,13.50,13
2,0.99,2,0.001,500,-10,0,601,1.00,1.00,5040.00,13.00,13.00,12
3,0.99,2,0.001,500,-10,0,601,1.00,1.00,7560.00,13.75,13.75,16
4,0.99,2,0.001,500,-10,0,601,1.00,1.00,5780.00,13.60,13.60,13
5,0.99,2,0.001,500,-10,0,601,1.00,1.00,6190.00,13.67,13.67,14
6,0.99,2,0.001,500,-10,0,601,1.00,1.00,6660.00,13.86,13.86,15
7,0.99,2,0.001,500,-10,0,601,1.00,1.00,6370.00,13.88,13.88,14
8,0.99,2,0.001,500,-10,0,601,1.00,1.00,7910.00,14.22,14.22,17
9,0.99,2,0.001,500,-10,0,601,1.00,1.00,6810.00,14.30,14.30,15
10,0.99,2,0.001,500,-10,0,601,0.00,0.50,7450.00,14.45,14.50,16
11,0.99,2,0.001,500,-10,0,601,1.00,1.00,7200.00,14.58,14.80,16
12,0.99,2,0.001,500,-10,0,601,1.00,1.00,8530.00,14.85,15.40,18
13,0.99,2,0.001,500,-10,0,601,1.00,1.00,8930.00,15.14,15.70,19
14,0.99,2,0.001,500,-10,0,601,1.00,1.00,8440.00,15.33,16.20,18
15,0.99,2,0.001,500,-10,0,601,0.00,1.00,9440.00,15.62,16.80,20
16,0.99,2,0.001,500,-10,0,601,0.00,1.00,10100.00,15.94,17.40,21
17,0.99,2,0.001,500,-10,0,601,1.00,1.00,8900.00,16.11,17.90,19
18,0.99,2,0.001,500,-10,0,601,1.00,1.00,8320.00,16.21,18.00,18
19,0.99,2,0.001,500,-10,0,601,1.00,1.00,8950.00,16.35,18.40,19
20,0.99,2,0.001,500,-10,0,601,0.00,1.00,9470.00,16.52,18.80,20
21,0.99,2,0.001,500,-10,0,601,0.00,1.00,8470.00,16.59,19.00,18
22,0.99,2,0.001,500,-10,0,601,1.00,1.00,8910.00,16.70,19.10,19
23,0.99,2,0.001,500,-10,0,601,0.00,0.50,9020.00,16.79,19.10,19
24,0.99,2,0.001,500,-10,0,601,0.00,0.50,6650.00,16.72,18.80,15
25,0.99,2,0.001,500,-10,0,601,0.00,0.33,8230.00,16.77,18.60,18
26,0.99,2,0.001,500,-10,0,601,1.00,1.00,8460.00,16.81,18.30,18
27,0.99,2,0.001,500,-10,0,601,0.00,0.11,7840.00,16.82,18.10,17
28,0.99,2,0.001,500,-10,0,601,0.00,1.00,8290.00,16.86,18.10,18
29,0.99,2,0.001,500,-10,0,601,0.00,0.50,8860.00,16.93,18.10,19
30,0.99,2,0.001,500,-10,0,601,1.00,1.00,9530.00,17.03,18.10,20
31,0.99,2,0.001,500,-10,0,601,0.00,1.00,9970.00,17.16,18.40,21
32,0.99,2,0.001,500,-10,0,601,1.00,1.00,8240.00,17.18,18.30,18
33,0.99,2,0.001,500,-10,0,601,0.00,0.25,8890.00,17.24,18.30,19
34,0.99,2,0.001,500,-10,0,601,1.00,1.00,9500.00,17.31,18.80,20
35,0.99,2,0.001,500,-10,0,601,1.00,1.00,8790.00,17.36,18.90,19
36,0.99,2,0.001,500,-10,0,601,0.00,1.00,9450.00,17.43,19.10,20
37,0.99,2,0.001,500,-10,0,601,0.00,0.50,8820.00,17.47,19.30,19
38,0.99,2,0.001,500,-10,0,601,1.00,1.00,8880.00,17.51,19.40,19
39,0.99,2,0.001,500,-10,0,601,0.00,0.33,7900.00,17.50,19.20,17
40,0.99,2,0.001,500,-10,0,601,1.00,1.00,8340.00,17.51,19.00,18
41,0.99,2,0.001,500,-10,0,601,0.00,0.50,9550.00,17.57,18.90,20
42,0.99,2,0.001,500,-10,0,601,1.00,1.00,9400.00,17.63,19.10,20
43,0.99,2,0.001,500,-10,0,601,1.00,1.00,7700.00,17.61,18.90,17
44,0.99,2,0.001,500,-10,0,601,1.00,1.00,8860.00,17.64,18.80,19
45,0.99,2,0.001,500,-10,0,601,1.00,1.00,8900.00,17.67,18.80,19
46,0.99,2,0.001,500,-10,0,601,1.00,0.50,8970.00,17.70,18.70,19
47,0.99,2,0.001,500,-10,0,601,0.00,1.00,8750.00,17.73,18.70,19
48,0.99,2,0.001,500,-10,0,601,0.00,1.00,9510.00,17.78,18.80,20
49,0.99,2,0.001,500,-10,0,601,1.00,1.00,10480.00,17.86,19.30,22
50,0.99,2,0.001,500,-10,0,601,1.00,0.50,11130.00,17.96,19.80,23
51,0.99,2,0.001,500,-10,0,601,0.00,0.33,8230.00,17.96,19.60,18
52,0.99,2,0.001,500,-10,0,601,0.00,0.25,9950.00,18.02,19.70,21
53,0.99,2,0.001,500,-10,0,601,1.00,1.00,9340.00,18.06,20.00,20
54,0.99,2,0.001,500,-10,0,601,0.00,0.20,10950.00,18.15,20.40,23
55,0.99,2,0.001,500,-10,0,601,0.00,0.50,9930.00,18.20,20.60,21
56,0.99,2,0.001,500,-10,0,601,0.00,0.08,8800.00,18.21,20.60,19
57,0.99,2,0.001,500,-10,0,601,0.00,0.14,10530.00,18.28,20.90,22
58,0.99,2,0.001,500,-10,0,601,1.00,1.00,10990.00,18.36,21.20,23
59,0.99,2,0.001,500,-10,0,601,1.00,1.00,10450.00,18.42,21.20,22
60,0.99,2,0.001,500,-10,0,601,0.00,0.50,8810.00,18.43,20.80,19
61,0.99,2,0.001,500,-10,0,601,1.00,0.50,9390.00,18.45,21.00,20
62,0.99,2,0.001,500,-10,0,601,1.00,1.00,9980.00,18.49,21.00,21
63,0.99,2,0.001,500,-10,0,601,1.00,1.00,8840.00,18.50,20.90,19
64,0.99,2,0.001,500,-10,0,601,0.00,0.25,9390.00,18.52,20.60,20
65,0.99,2,0.001,500,-10,0,601,1.00,1.00,9800.00,18.56,20.60,21
66,0.99,2,0.001,500,-10,0,601,1.00,1.00,8880.00,18.57,20.60,19
67,0.99,2,0.001,500,-10,0,601,0.00,1.00,8880.00,18.57,20.30,19
68,0.99,2,0.001,500,-10,0,601,0.00,0.25,9430.00,18.59,20.00,20
69,0.99,2,0.001,500,-10,0,601,0.00,1.00,9990.00,18.63,19.90,21
70,0.99,2,0.001,500,-10,0,601,1.00,1.00,8850.00,18.63,19.90,19
71,0.99,2,0.001,500,-10,0,601,0.00,0.25,9350.00,18.65,19.90,20
72,0.99,2,0.001,500,-10,0,601,0.00,0.25,9900.00,18.68,19.90,21
73,0.99,2,0.001,500,-10,0,601,1.00,1.00,9830.00,18.72,20.10,21
74,0.99,2,0.001,500,-10,0,601,1.00,1.00,10500.00,18.76,20.30,22
75,0.99,2,0.001,500,-10,0,601,0.00,0.20,10540.00,18.80,20.40,22
76,0.99,2,0.001,500,-10,0,601,1.00,1.00,10440.00,18.84,20.70,22
77,0.99,2,0.001,500,-10,0,601,1.00,1.00,9850.00,18.87,20.90,21
78,0.99,2,0.001,500,-10,0,601,0.00,0.50,9890.00,18.90,21.00,21
79,0.99,2,0.001,500,-10,0,601,0.00,0.20,8820.00,18.90,20.80,19
80,0.99,2,0.001,500,-10,0,601,0.00,0.20,9440.00,18.91,20.90,20
81,0.99,2,0.001,500,-10,0,601,0.00,1.00,8860.00,18.91,20.80,19
82,0.99,2,0.001,500,-10,0,601,0.00,0.33,8300.00,18.90,20.50,18
83,0.99,2,0.001,500,-10,0,601,1.00,1.00,9940.00,18.93,20.50,21
84,0.99,2,0.001,500,-10,0,601,0.00,1.00,10400.00,18.96,20.50,22
85,0.99,2,0.001,500,-10,0,601,0.00,1.00,10960.00,19.01,20.60,23
86,0.99,2,0.001,500,-10,0,601,0.00,1.00,10910.00,19.06,20.70,23
87,0.99,2,0.001,500,-10,0,601,0.00,1.00,9340.00,19.07,20.60,20
88,0.99,2,0.001,500,-10,0,601,1.00,1.00,9820.00,19.09,20.60,21
89,0.99,2,0.001,500,-10,0,601,0.00,1.00,9890.00,19.11,20.80,21
90,0.99,2,0.001,500,-10,0,601,0.00,0.25,9880.00,19.13,20.90,21
91,0.99,2,0.001,500,-10,0,601,1.00,1.00,10530.00,19.16,21.20,22
92,0.99,2,0.001,500,-10,0,601,0.00,0.50,11530.00,19.22,21.80,24
93,0.99,2,0.001,500,-10,0,601,0.00,1.00,9250.00,19.22,21.70,20
94,0.99,2,0.001,500,-10,0,601,0.00,1.00,10380.00,19.25,21.70,22
95,0.99,2,0.001,500,-10,0,601,1.00,0.50,9380.00,19.26,21.40,20
96,0.99,2,0.001,500,-10,0,601,0.00,1.00,11500.00,19.31,21.50,24
97,0.99,2,0.001,500,-10,0,601,1.00,0.50,9310.00,19.32,21.50,20
98,0.99,2,0.001,500,-10,0,601,0.00,0.50,10530.00,19.34,21.60,22
99,0.99,2,0.001,500,-10,0,601,1.00,1.00,11050.00,19.38,21.80,23
100,0.99,2,0.001,500,-10,0,601,0.00,0.50,10350.00,19.41,21.90,22
101,0.99,2,0.001,500,-10,0,601,1.00,1.00,10420.00,19.43,21.90,22
102,0.99,2,0.001,500,-10,0,601,0.00,1.00,9450.00,19.44,21.50,20
103,0.99,2,0.001,500,-10,0,601,0.00,1.00,11530.00,19.48,21.90,24
104,0.99,2,0.001,500,-10,0,601,0.00,1.00,11440.00,19.52,22.10,24
105,0.99,2,0.001,500,-10,0,601,0.00,0.50,9910.00,19.54,22.20,21
106,0.99,2,0.001,500,-10,0,601,0.00,1.00,9850.00,19.55,21.90,21
107,0.99,2,0.001,500,-10,0,601,0.00,1.00,9330.00,19.56,21.90,20
108,0.99,2,0.001,500,-10,0,601,1.00,1.00,12070.00,19.61,22.20,25
109,0.99,2,0.001,500,-10,0,601,0.00,1.00,10440.00,19.63,22.10,22
110,0.99,2,0.001,500,-10,0,601,0.00,0.20,9950.00,19.64,22.00,21
111,0.99,2,0.001,500,-10,0,601,0.00,0.33,11480.00,19.68,22.20,24
112,0.99,2,0.001,500,-10,0,601,0.00,1.00,10620.00,19.70,22.40,22
113,0.99,2,0.001,500,-10,0,601,0.00,0.25,11540.00,19.74,22.40,24
114,0.99,2,0.001,500,-10,0,601,1.00,0.50,11080.00,19.77,22.30,23
115,0.99,2,0.001,500,-10,0,601,0.00,0.20,10480.00,19.78,22.40,22
116,0.99,2,0.001,500,-10,0,601,0.00,0.17,12040.00,19.83,22.80,25
117,0.99,2,0.001,500,-10,0,601,0.00,1.00,11020.00,19.86,23.10,23
118,0.99,2,0.001,500,-10,0,601,0.00,0.14,11020.00,19.88,22.90,23
119,0.99,2,0.001,500,-10,0,601,0.00,0.50,11560.00,19.92,23.10,24
120,0.99,2,0.001,500,-10,0,601,1.00,0.50,11030.00,19.94,23.30,23
121,0.99,2,0.001,500,-10,0,601,1.00,1.00,11560.00,19.98,23.30,24
122,0.99,2,0.001,500,-10,0,601,0.00,0.12,10940.00,20.00,23.40,23
123,0.99,2,0.001,500,-10,0,601,0.00,0.33,12140.00,20.04,23.50,25
124,0.99,2,0.001,500,-10,0,601,0.00,0.50,11550.00,20.07,23.60,24
125,0.99,2,0.001,500,-10,0,601,0.00,0.25,10470.00,20.09,23.60,22
126,0.99,2,0.001,500,-10,0,601,0.00,0.25,12570.00,20.13,23.70,26
127,0.99,2,0.001,500,-10,0,601,0.00,0.11,12610.00,20.18,24.00,26
128,0.99,2,0.001,500,-10,0,601,0.00,0.20,12070.00,20.22,24.20,25
129,0.99,2,0.001,500,-10,0,601,0.00,0.10,10380.00,20.23,24.00,22
130,0.99,2,0.001,500,-10,0,601,0.00,1.00,12130.00,20.27,24.20,25
131,0.99,2,0.001,500,-10,0,601,0.00,0.33,12030.00,20.30,24.30,25
132,0.99,2,0.001,500,-10,0,601,0.00,0.17,13090.00,20.35,24.70,27
133,0.99,2,0.001,500,-10,0,601,0.00,1.00,12070.00,20.39,24.70,25
134,0.99,2,0.001,500,-10,0,601,1.00,1.00,11510.00,20.41,24.70,24
135,0.99,2,0.001,500,-10,0,601,0.00,0.25,12490.00,20.46,25.10,26
136,0.99,2,0.001,500,-10,0,601,0.00,0.09,11520.00,20.48,24.90,24
137,0.99,2,0.001,500,-10,0,601,0.00,0.20,10990.00,20.50,24.60,23
138,0.99,2,0.001,500,-10,0,601,0.00,0.08,11530.00,20.53,24.50,24
139,0.99,2,0.001,500,-10,0,601,0.00,0.10,10960.00,20.54,24.60,23
140,0.99,2,0.001,500,-10,0,601,0.00,0.08,14240.00,20.60,25.00,29
141,0.99,2,0.001,500,-10,0,601,0.00,0.50,11990.00,20.63,25.00,25
142,0.99,2,0.001,500,-10,0,601,0.00,0.20,11560.00,20.66,24.70,24
143,0.99,2,0.001,500,-10,0,601,1.00,1.00,10380.00,20.67,24.40,22
144,0.99,2,0.001,500,-10,0,601,1.00,0.50,12480.00,20.70,24.60,26
145,0.99,2,0.001,500,-10,0,601,0.00,0.14,13230.00,20.75,24.70,27
146,0.99,2,0.001,500,-10,0,601,0.00,0.09,11450.00,20.77,24.70,24
147,0.99,2,0.001,500,-10,0,601,0.00,0.17,11970.00,20.80,24.90,25
148,0.99,2,0.001,500,-10,0,601,0.00,0.07,12000.00,20.83,25.00,25
149,0.99,2,0.001,500,-10,0,601,0.00,0.08,12600.00,20.86,25.30,26
150,0.99,2,0.001,500,-10,0,601,0.00,0.33,13170.00,20.90,25.10,27
151,0.99,2,0.001,500,-10,0,601,0.00,0.25,12040.00,20.93,25.10,25
152,0.99,2,0.001,500,-10,0,601,0.00,0.11,11530.00,20.95,25.10,24
153,0.99,2,0.001,500,-10,0,601,0.00,0.20,12200.00,20.97,25.40,25
154,0.99,2,0.001,500,-10,0,601,0.00,0.07,11120.00,20.99,25.10,23
155,0.99,2,0.001,500,-10,0,601,0.00,0.07,13690.00,21.03,25.20,28
156,0.99,2,0.001,500,-10,0,601,0.00,1.00,12120.00,21.06,25.30,25
157,0.99,2,0.001,500,-10,0,601,0.00,0.33,10480.00,21.06,25.00,22
158,0.99,2,0.001,500,-10,0,601,0.00,0.10,12590.00,21.09,25.10,26
159,0.99,2,0.001,500,-10,0,601,0.00,0.50,12130.00,21.12,25.00,25
160,0.99,2,0.001,500,-10,0,601,0.00,0.07,13160.00,21.16,25.00,27
161,0.99,2,0.001,500,-10,0,601,0.00,0.06,13640.00,21.20,25.30,28
162,0.99,2,0.001,500,-10,0,601,0.00,0.06,12590.00,21.23,25.50,26
163,0.99,2,0.001,500,-10,0,601,0.00,0.50,12580.00,21.26,25.60,26
164,0.99,2,0.001,500,-10,0,601,0.00,0.50,12750.00,21.28,25.90,26
165,0.99,2,0.001,500,-10,0,601,0.00,0.06,11540.00,21.30,25.50,24
166,0.99,2,0.001,500,-10,0,601,0.00,0.20,12680.00,21.33,25.60,26
167,0.99,2,0.001,500,-10,0,601,0.00,0.06,12660.00,21.36,26.00,26
168,0.99,2,0.001,500,-10,0,601,0.00,0.05,12090.00,21.38,25.90,25
169,0.99,2,0.001,500,-10,0,601,0.00,0.05,13220.00,21.41,26.10,27
170,0.99,2,0.001,500,-10,0,601,0.00,1.00,13260.00,21.44,26.10,27
171,0.99,2,0.001,500,-10,0,601,0.00,0.14,11060.00,21.45,25.60,23
172,0.99,2,0.001,500,-10,0,601,0.00,0.05,12650.00,21.48,25.60,26
173,0.99,2,0.001,500,-10,0,601,0.00,0.12,13190.00,21.51,25.70,27
174,0.99,2,0.001,500,-10,0,601,0.00,0.06,12130.00,21.53,25.60,25
175,0.99,2,0.001,500,-10,0,601,0.00,1.00,12170.00,21.55,25.70,25
176,0.99,2,0.001,500,-10,0,601,0.00,0.04,11520.00,21.56,25.50,24
177,0.99,2,0.001,500,-10,0,601,0.00,0.04,13260.00,21.60,25.60,27
178,0.99,2,0.001,500,-10,0,601,0.00,0.33,12720.00,21.62,25.70,26
179,0.99,2,0.001,500,-10,0,601,0.00,0.04,11460.00,21.63,25.40,24
180,0.99,2,0.001,500,-10,0,601,0.00,0.09,13110.00,21.66,25.40,27
181,0.99,2,0.001,500,-10,0,601,0.00,1.00,12710.00,21.69,25.70,26
182,0.99,2,0.001,500,-10,0,601,0.00,0.04,13710.00,21.72,25.90,28
183,0.99,2,0.001,500,-10,0,601,0.00,0.05,12630.00,21.74,25.80,26
184,0.99,2,0.001,500,-10,0,601,1.00,1.00,12210.00,21.76,25.80,25
185,0.99,2,0.001,500,-10,0,601,0.00,0.05,12670.00,21.78,25.90,26
186,0.99,2,0.001,500,-10,0,601,0.00,0.04,13180.00,21.81,26.20,27
187,0.99,2,0.001,500,-10,0,601,0.00,0.03,13210.00,21.84,26.20,27
188,0.99,2,0.001,500,-10,0,601,0.00,0.03,12630.00,21.86,26.20,26
189,0.99,2,0.001,500,-10,0,601,0.00,0.08,12510.00,21.88,26.40,26
190,0.99,2,0.001,500,-10,0,601,0.00,0.17,14240.00,21.92,26.60,29
191,0.99,2,0.001,500,-10,0,601,0.00,0.17,12650.00,21.94,26.60,26
192,0.99,2,0.001,500,-10,0,601,0.00,0.14,13230.00,21.97,26.50,27
193,0.99,2,0.001,500,-10,0,601,0.00,0.03,13260.00,21.99,26.60,27
194,0.99,2,0.001,500,-10,0,601,0.00,0.17,12160.00,22.01,26.60,25
195,0.99,2,0.001,500,-10,0,601,0.00,1.00,12710.00,22.03,26.60,26
196,0.99,2,0.001,500,-10,0,601,0.00,0.05,13050.00,22.06,26.60,27
197,0.99,2,0.001,500,-10,0,601,0.00,0.33,13090.00,22.08,26.60,27
198,0.99,2,0.001,500,-10,0,601,0.00,0.33,11950.00,22.10,26.50,25
199,0.99,2,0.001,500,-10,0,601,0.00,1.00,13080.00,22.12,26.60,27
200,0.99,2,0.001,500,-10,0,601,1.00,0.50,13120.00,22.14,26.40,27
201,0.99,2,0.001,500,-10,0,601,0.00,0.11,13160.00,22.17,26.50,27
202,0.99,2,0.001,500,-10,0,601,0.00,0.50,13750.00,22.20,26.60,28
203,0.99,2,0.001,500,-10,0,601,0.00,0.50,13270.00,22.22,26.60,27
204,0.99,2,0.001,500,-10,0,601,0.00,0.50,14190.00,22.25,27.00,29
205,0.99,2,0.001,500,-10,0,601,0.00,0.14,13200.00,22.28,27.10,27
206,0.99,2,0.001,500,-10,0,601,0.00,0.25,11920.00,22.29,26.90,25
207,0.99,2,0.001,500,-10,0,601,0.00,0.10,13630.00,22.32,27.00,28
208,0.99,2,0.001,500,-10,0,601,0.00,0.04,13170.00,22.34,27.20,27
209,0.99,2,0.001,500,-10,0,601,0.00,0.20,14200.00,22.37,27.40,29
210,0.99,2,0.001,500,-10,0,601,0.00,0.17,13690.00,22.40,27.50,28
211,0.99,2,0.001,500,-10,0,601,0.00,1.00,12510.00,22.42,27.40,26
212,0.99,2,0.001,500,-10,0,601,0.00,0.03,12700.00,22.43,27.20,26
213,0.99,2,0.001,500,-10,0,601,0.00,0.33,13160.00,22.45,27.20,27
214,0.99,2,0.001,500,-10,0,601,0.00,0.25,13210.00,22.47,27.00,27
215,0.99,2,0.001,500,-10,0,601,0.00,0.14,13730.00,22.50,27.10,28
216,0.99,2,0.001,500,-10,0,601,0.00,0.12,14200.00,22.53,27.50,29
217,0.99,2,0.001,500,-10,0,601,0.00,0.11,13680.00,22.56,27.50,28
218,0.99,2,0.001,500,-10,0,601,0.00,0.03,12640.00,22.57,27.40,26
219,0.99,2,0.001,500,-10,0,601,0.00,0.50,14300.00,22.60,27.40,29
220,0.99,2,0.001,500,-10,0,601,0.00,1.00,13030.00,22.62,27.30,27
221,0.99,2,0.001,500,-10,0,601,0.00,0.10,12490.00,22.64,27.30,26
222,0.99,2,0.001,500,-10,0,601,0.00,0.06,12080.00,22.65,27.20,25
223,0.99,2,0.001,500,-10,0,601,0.00,0.33,13070.00,22.67,27.20,27
224,0.99,2,0.001,500,-10,0,601,0.00,0.09,12650.00,22.68,27.10,26
225,0.99,2,0.001,500,-10,0,601,0.00,0.17,12730.00,22.69,26.90,26
226,0.99,2,0.001,500,-10,0,601,0.00,0.33,13100.00,22.71,26.70,27
227,0.99,2,0.001,500,-10,0,601,0.00,0.50,14170.00,22.74,26.80,29
228,0.99,2,0.001,500,-10,0,601,0.00,0.33,13720.00,22.76,27.00,28
229,0.99,2,0.001,500,-10,0,601,0.00,0.33,14730.00,22.80,27.10,30
230,0.99,2,0.001,500,-10,0,601,0.00,0.04,14180.00,22.82,27.30,29
231,0.99,2,0.001,500,-10,0,601,0.00,0.03,13610.00,22.84,27.50,28
232,0.99,2,0.001,500,-10,0,601,0.00,0.50,14120.00,22.87,27.90,29
233,0.99,2,0.001,500,-10,0,601,0.00,0.25,14680.00,22.90,28.20,30
234,0.99,2,0.001,500,-10,0,601,0.00,0.12,13150.00,22.92,28.30,27
235,0.99,2,0.001,500,-10,0,601,0.00,0.03,13150.00,22.94,28.40,27
236,0.99,2,0.001,500,-10,0,601,0.00,0.12,14760.00,22.97,28.70,30
237,0.99,2,0.001,500,-10,0,601,0.00,0.11,14280.00,22.99,28.70,29
238,0.99,2,0.001,500,-10,0,601,0.00,0.20,13710.00,23.01,28.70,28
239,0.99,2,0.001,500,-10,0,601,0.00,0.12,13780.00,23.03,28.50,28
240,0.99,2,0.001,500,-10,0,601,0.00,0.03,14240.00,23.06,28.50,29
241,0.99,2,0.001,500,-10,0,601,0.00,0.03,13860.00,23.08,28.50,28
242,0.99,2,0.001,500,-10,0,601,0.00,0.08,13790.00,23.10,28.40,28
243,0.99,2,0.001,500,-10,0,601,0.00,0.03,13770.00,23.12,28.20,28
244,0.99,2,0.001,500,-10,0,601,0.00,0.50,13220.00,23.13,28.20,27
245,0.99,2,0.001,500,-10,0,601,0.00,0.25,14250.00,23.16,28.40,29
246,0.99,2,0.001,500,-10,0,601,0.00,0.20,14230.00,23.18,28.30,29
247,0.99,2,0.001,500,-10,0,601,0.00,0.03,13700.00,23.20,28.20,28
248,0.99,2,0.001,500,-10,0,601,0.00,0.50,13610.00,23.22,28.20,28
249,0.99,2,0.001,500,-10,0,601,0.00,0.25,13280.00,23.24,28.10,27
250,0.99,2,0.001,500,-10,0,601,0.00,0.08,14690.00,23.26,28.20,30
251,0.99,2,0.001,500,-10,0,601,0.00,0.03,13130.00,23.28,28.10,27
252,0.99,2,0.001,500,-10,0,601,0.00,0.08,13090.00,23.29,28.00,27
253,0.99,2,0.001,500,-10,0,601,0.00,0.17,15320.00,23.32,28.30,31
254,0.99,2,0.001,500,-10,0,601,1.00,1.00,13680.00,23.34,28.40,28
255,0.99,2,0.001,500,-10,0,601,0.00,0.08,13120.00,23.36,28.20,27
256,0.99,2,0.001,500,-10,0,601,0.00,0.14,14250.00,23.38,28.20,29
257,0.99,2,0.001,500,-10,0,601,0.00,0.17,14780.00,23.40,28.40,30
258,0.99,2,0.001,500,-10,0,601,0.00,0.07,14260.00,23.42,28.50,29
259,0.99,2,0.001,500,-10,0,601,0.00,0.25,13190.00,23.44,28.50,27
260,0.99,2,0.001,500,-10,0,601,0.00,0.14,14300.00,23.46,28.40,29
261,0.99,2,0.001,500,-10,0,601,0.00,0.03,14230.00,23.48,28.60,29
262,0.99,2,0.001,500,-10,0,601,0.00,0.12,15290.00,23.51,29.00,31
263,0.99,2,0.001,500,-10,0,601,0.00,0.20,14290.00,23.53,28.80,29
264,0.99,2,0.001,500,-10,0,601,0.00,0.33,14700.00,23.55,29.00,30
265,0.99,2,0.001,500,-10,0,601,0.00,0.20,14180.00,23.58,29.20,29
266,0.99,2,0.001,500,-10,0,601,0.00,0.12,14740.00,23.60,29.30,30
267,0.99,2,0.001,500,-10,0,601,0.00,0.02,14800.00,23.62,29.30,30
268,0.99,2,0.001,500,-10,0,601,0.00,0.11,14850.00,23.65,29.40,30
269,0.99,2,0.001,500,-10,0,601,0.00,0.20,13720.00,23.66,29.50,28
270,0.99,2,0.001,500,-10,0,601,0.00,0.02,14220.00,23.68,29.50,29
271,0.99,2,0.001,500,-10,0,601,0.00,0.11,14190.00,23.70,29.50,29
272,0.99,2,0.001,500,-10,0,601,0.00,0.17,14850.00,23.73,29.40,30
273,0.99,2,0.001,500,-10,0,601,0.00,0.17,15360.00,23.75,29.60,31
274,0.99,2,0.001,500,-10,0,601,0.00,0.10,14250.00,23.77,29.50,29
275,0.99,2,0.001,500,-10,0,601,0.00,0.11,15890.00,23.80,29.80,32
276,0.99,2,0.001,500,-10,0,601,0.00,0.20,15370.00,23.83,29.90,31
277,0.99,2,0.001,500,-10,0,601,0.00,0.20,15370.00,23.85,30.00,31
278,0.99,2,0.001,500,-10,0,601,0.00,0.03,14760.00,23.87,30.00,30
279,0.99,2,0.001,500,-10,0,601,0.00,0.07,15820.00,23.90,30.40,32
280,0.99,2,0.001,500,-10,0,601,0.00,0.02,14200.00,23.92,30.40,29
281,0.99,2,0.001,500,-10,0,601,0.00,0.07,15430.00,23.95,30.60,31
282,0.99,2,0.001,500,-10,0,601,0.00,0.05,15340.00,23.97,30.70,31
283,0.99,2,0.001,500,-10,0,601,0.00,0.11,15410.00,24.00,30.70,31
284,0.99,2,0.001,500,-10,0,601,0.00,0.09,15360.00,24.02,30.90,31
285,0.99,2,0.001,500,-10,0,601,0.00,0.07,14160.00,24.04,30.60,29
286,0.99,2,0.001,500,-10,0,601,0.00,0.10,15350.00,24.06,30.60,31
287,0.99,2,0.001,500,-10,0,601,0.00,0.33,14850.00,24.08,30.50,30
288,0.99,2,0.001,500,-10,0,601,0.00,0.10,14240.00,24.10,30.40,29
289,0.99,2,0.001,500,-10,0,601,0.00,0.17,15320.00,24.12,30.30,31
290,0.99,2,0.001,500,-10,0,601,0.00,0.17,14300.00,24.14,30.30,29
291,0.99,2,0.001,500,-10,0,601,0.00,0.09,15350.00,24.16,30.30,31
292,0.99,2,0.001,500,-10,0,601,0.00,1.00,14310.00,24.18,30.10,29
293,0.99,2,0.001,500,-10,0,601,0.00,1.00,13760.00,24.19,29.80,28
294,0.99,2,0.001,500,-10,0,601,0.00,0.03,15360.00,24.22,29.80,31
295,0.99,2,0.001,500,-10,0,601,0.00,0.14,15310.00,24.24,30.00,31
296,0.99,2,0.001,500,-10,0,601,0.00,0.08,15390.00,24.26,30.00,31
297,0.99,2,0.001,500,-10,0,601,0.00,0.14,15380.00,24.29,30.10,31
298,0.99,2,0.001,500,-10,0,601,0.00,0.25,14260.00,24.30,30.10,29
299,0.99,2,0.001,500,-10,0,601,0.00,0.05,14900.00,24.32,30.00,30
300,0.99,2,0.001,500,-10,0,601,0.00,0.25,15390.00,24.34,30.20,31
301,0.99,2,0.001,500,-10,0,601,0.00,0.20,15330.00,24.36,30.20,31
302,0.99,2,0.001,500,-10,0,601,0.00,0.07,15850.00,24.39,30.50,32
303,0.99,2,0.001,500,-10,0,601,0.00,0.25,15320.00,24.41,30.80,31
304,0.99,2,0.001,500,-10,0,601,0.00,0.12,15940.00,24.44,30.90,32
305,0.99,2,0.001,500,-10,0,601,0.00,0.02,15380.00,24.46,30.90,31
306,0.99,2,0.001,500,-10,0,601,0.00,0.03,14870.00,24.48,30.80,30
307,0.99,2,0.001,500,-10,0,601,0.00,0.02,14910.00,24.49,30.70,30
308,0.99,2,0.001,500,-10,0,601,0.00,0.17,15900.00,24.52,31.00,32
309,0.99,2,0.001,500,-10,0,601,0.00,0.12,15350.00,24.54,31.10,31
310,0.99,2,0.001,500,-10,0,601,0.00,0.10,14790.00,24.56,31.00,30
311,0.99,2,0.001,500,-10,0,601,0.00,0.11,15340.00,24.58,31.00,31
312,0.99,2,0.001,500,-10,0,601,0.00,0.05,14300.00,24.59,30.70,29
313,0.99,2,0.001,500,-10,0,601,0.00,0.08,15340.00,24.61,30.70,31
314,0.99,2,0.001,500,-10,0,601,0.00,0.09,15880.00,24.63,30.70,32
315,0.99,2,0.001,500,-10,0,601,0.00,0.06,14270.00,24.65,30.50,29
316,0.99,2,0.001,500,-10,0,601,0.00,0.07,15840.00,24.67,30.70,32
317,0.99,2,0.001,500,-10,0,601,0.00,0.25,14290.00,24.69,30.60,29
318,0.99,2,0.001,500,-10,0,601,0.00,0.11,15300.00,24.71,30.50,31
319,0.99,2,0.001,500,-10,0,601,0.00,0.06,14870.00,24.72,30.40,30
320,0.99,2,0.001,500,-10,0,601,0.00,0.06,14280.00,24.74,30.30,29
321,0.99,2,0.001,500,-10,0,601,0.00,0.20,15320.00,24.75,30.30,31
322,0.99,2,0.001,500,-10,0,601,0.00,0.09,13770.00,24.76,30.20,28
323,0.99,2,0.001,500,-10,0,601,0.00,0.14,15880.00,24.79,30.30,32
324,0.99,2,0.001,500,-10,0,601,0.00,0.20,14720.00,24.80,30.10,30
325,0.99,2,0.001,500,-10,0,601,0.00,0.10,15950.00,24.83,30.40,32
326,0.99,2,0.001,500,-10,0,601,0.00,0.20,15910.00,24.85,30.40,32
327,0.99,2,0.001,500,-10,0,601,0.00,0.06,14850.00,24.86,30.50,30
328,0.99,2,0.001,500,-10,0,601,1.00,0.33,15870.00,24.88,30.60,32
329,0.99,2,0.001,500,-10,0,601,0.00,0.17,15300.00,24.90,30.70,31
330,0.99,2,0.001,500,-10,0,601,0.00,0.05,14300.00,24.92,30.70,29
331,0.99,2,0.001,500,-10,0,601,0.00,0.17,15910.00,24.94,30.80,32
332,0.99,2,0.001,500,-10,0,601,0.00,0.06,14910.00,24.95,31.00,30
333,0.99,2,0.001,500,-10,0,601,0.00,0.05,14860.00,24.97,30.80,30
334,0.99,2,0.001,500,-10,0,601,0.00,0.17,14910.00,24.98,30.80,30
335,0.99,2,0.001,500,-10,0,601,0.00,0.08,15390.00,25.00,30.70,31
336,0.99,2,0.001,500,-10,0,601,0.00,0.06,14860.00,25.01,30.50,30
337,0.99,2,0.001,500,-10,0,601,0.00,0.07,14280.00,25.03,30.40,29
338,0.99,2,0.001,500,-10,0,601,0.00,0.05,15960.00,25.05,30.40,32
339,0.99,2,0.001,500,-10,0,601,0.00,0.08,13260.00,25.05,30.00,27
340,0.99,2,0.001,500,-10,0,601,0.00,0.17,14300.00,25.06,30.00,29
341,0.99,2,0.001,500,-10,0,601,0.00,0.12,15440.00,25.08,29.90,31
342,0.99,2,0.001,500,-10,0,601,0.00,0.05,14920.00,25.10,29.90,30
343,0.99,2,0.001,500,-10,0,601,0.00,0.07,14820.00,25.11,29.90,30
344,0.99,2,0.001,500,-10,0,601,0.00,0.10,14840.00,25.12,29.90,30
345,0.99,2,0.001,500,-10,0,601,0.00,0.07,14210.00,25.14,29.70,29
346,0.99,2,0.001,500,-10,0,601,1.00,0.14,15420.00,25.15,29.80,31
347,0.99,2,0.001,500,-10,0,601,0.00,0.02,14400.00,25.16,29.80,29
348,0.99,2,0.001,500,-10,0,601,0.00,0.02,14900.00,25.18,29.60,30
349,0.99,2,0.001,500,-10,0,601,0.00,0.12,14780.00,25.19,29.90,30
350,0.99,2,0.001,500,-10,0,601,0.00,0.08,14810.00,25.21,30.00,30
351,0.99,2,0.001,500,-10,0,601,0.00,0.06,14370.00,25.22,29.80,29
352,0.99,2,0.001,500,-10,0,601,0.00,0.08,14810.00,25.23,29.80,30
353,0.99,2,0.001,500,-10,0,601,0.00,0.05,14830.00,25.24,29.80,30
354,0.99,2,0.001,500,-10,0,601,0.00,0.50,14810.00,25.26,29.80,30
355,0.99,2,0.001,500,-10,0,601,0.00,0.17,15390.00,25.27,30.00,31
356,0.99,2,0.001,500,-10,0,601,0.00,0.06,15920.00,25.29,30.10,32
357,0.99,2,0.001,500,-10,0,601,0.00,0.05,15460.00,25.31,30.30,31
358,0.99,2,0.001,500,-10,0,601,0.00,0.09,15430.00,25.32,30.40,31
359,0.99,2,0.001,500,-10,0,601,0.00,0.04,15960.00,25.34,30.60,32
360,0.99,2,0.001,500,-10,0,601,0.00,0.08,15400.00,25.36,30.70,31
361,0.99,2,0.001,500,-10,0,601,0.00,0.33,15920.00,25.38,31.00,32
362,0.99,2,0.001,500,-10,0,601,0.00,0.04,15350.00,25.39,31.10,31
363,0.99,2,0.001,500,-10,0,601,0.00,0.25,14260.00,25.40,31.00,29
364,0.99,2,0.001,500,-10,0,601,0.00,0.04,15960.00,25.42,31.20,32
365,0.99,2,0.001,500,-10,0,601,0.00,0.08,14910.00,25.43,31.10,30
366,0.99,2,0.001,500,-10,0,601,0.00,0.04,14210.00,25.44,30.80,29
367,0.99,2,0.001,500,-10,0,601,0.00,1.00,14830.00,25.45,30.70,30
368,0.99,2,0.001,500,-10,0,601,0.00,0.06,15930.00,25.47,30.80,32
369,0.99,2,0.001,500,-10,0,601,1.00,0.50,15430.00,25.49,30.70,31
370,0.99,2,0.001,500,-10,0,601,0.00,0.09,16440.00,25.51,30.90,33
371,0.99,2,0.001,500,-10,0,601,0.00,0.07,14270.00,25.52,30.60,29
372,0.99,2,0.001,500,-10,0,601,0.00,0.11,16450.00,25.54,30.80,33
373,0.99,2,0.001,500,-10,0,601,0.00,0.08,15380.00,25.55,31.00,31
374,0.99,2,0.001,500,-10,0,601,0.00,1.00,15380.00,25.57,30.90,31
375,0.99,2,0.001,500,-10,0,601,0.00,0.08,15910.00,25.58,31.10,32
376,0.99,2,0.001,500,-10,0,601,0.00,0.14,15990.00,25.60,31.40,32
377,0.99,2,0.001,500,-10,0,601,0.00,0.04,15440.00,25.61,31.50,31
378,0.99,2,0.001,500,-10,0,601,0.00,0.12,15920.00,25.63,31.50,32
379,0.99,2,0.001,500,-10,0,601,0.00,1.00,15340.00,25.64,31.50,31
380,0.99,2,0.001,500,-10,0,601,0.00,0.08,14810.00,25.66,31.20,30
381,0.99,2,0.001,500,-10,0,601,0.00,0.11,14290.00,25.66,31.20,29
382,0.99,2,0.001,500,-10,0,601,0.00,0.07,14310.00,25.67,30.80,29
383,0.99,2,0.001,500,-10,0,601,0.00,0.06,15950.00,25.69,30.90,32
384,0.99,2,0.001,500,-10,0,601,0.00,0.06,15420.00,25.70,30.90,31
385,0.99,2,0.001,500,-10,0,601,0.00,0.02,14870.00,25.72,30.70,30
386,0.99,2,0.001,500,-10,0,601,0.00,0.25,14280.00,25.72,30.40,29
387,0.99,2,0.001,500,-10,0,601,0.00,0.12,14870.00,25.73,30.30,30
388,0.99,2,0.001,500,-10,0,601,0.00,0.07,14870.00,25.75,30.10,30
389,0.99,2,0.001,500,-10,0,601,0.00,0.05,14840.00,25.76,30.00,30
390,0.99,2,0.001,500,-10,0,601,0.00,0.20,14890.00,25.77,30.00,30
391,0.99,2,0.001,500,-10,0,601,0.00,0.02,15440.00,25.78,30.20,31
392,0.99,2,0.001,500,-10,0,601,0.00,0.08,15460.00,25.79,30.40,31
393,0.99,2,0.001,500,-10,0,601,0.00,0.05,15470.00,25.81,30.30,31
394,0.99,2,0.001,500,-10,0,601,0.00,0.05,14960.00,25.82,30.20,30
395,0.99,2,0.001,500,-10,0,601,1.00,0.14,14270.00,25.83,30.10,29
396,0.99,2,0.001,500,-10,0,601,0.00,0.05,15380.00,25.84,30.30,31
397,0.99,2,0.001,500,-10,0,601,0.00,0.06,15450.00,25.85,30.40,31
398,0.99,2,0.001,500,-10,0,601,0.00,0.09,15420.00,25.86,30.50,31
399,0.99,2,0.001,500,-10,0,601,0.00,0.05,14930.00,25.88,30.50,30
400,0.99,2,0.001,500,-10,0,601,0.00,0.11,14900.00,25.89,30.50,30
401,0.99,2,0.001,500,-10,0,601,1.00,0.50,14390.00,25.89,30.30,29
402,0.99,2,0.001,500,-10,0,601,0.00,0.50,14380.00,25.90,30.10,29
403,0.99,2,0.001,500,-10,0,601,0.00,0.06,14330.00,25.91,29.90,29
404,0.99,2,0.001,500,-10,0,601,0.00,0.50,15390.00,25.92,30.00,31
405,0.99,2,0.001,500,-10,0,601,0.00,0.06,15980.00,25.94,30.30,32
406,0.99,2,0.001,500,-10,0,601,0.00,0.07,15960.00,25.95,30.40,32
407,0.99,2,0.001,500,-10,0,601,0.00,0.08,15930.00,25.97,30.50,32
408,0.99,2,0.001,500,-10,0,601,0.00,1.00,13140.00,25.97,30.10,27
409,0.99,2,0.001,500,-10,0,601,0.00,0.04,14920.00,25.98,30.10,30
410,0.99,2,0.001,500,-10,0,601,0.00,0.02,14370.00,25.99,30.00,29
411,0.99,2,0.001,500,-10,0,601,0.00,0.08,15390.00,26.00,30.20,31
412,0.99,2,0.001,500,-10,0,601,0.00,0.03,15870.00,26.01,30.50,32
413,0.99,2,0.001,500,-10,0,601,0.00,0.02,14850.00,26.02,30.60,30
414,0.99,2,0.001,500,-10,0,601,0.00,0.09,14760.00,26.03,30.50,30
415,0.99,2,0.001,500,-10,0,601,0.00,0.05,15450.00,26.04,30.40,31
416,0.99,2,0.001,500,-10,0,601,0.00,0.14,14850.00,26.05,30.20,30
417,0.99,2,0.001,500,-10,0,601,0.00,0.04,15970.00,26.07,30.20,32
418,0.99,2,0.001,500,-10,0,601,0.00,0.03,15380.00,26.08,30.60,31
419,0.99,2,0.001,500,-10,0,601,0.00,0.03,15470.00,26.09,30.70,31
420,0.99,2,0.001,500,-10,0,601,0.00,0.08,15460.00,26.10,30.90,31
421,0.99,2,0.001,500,-10,0,601,0.00,0.07,15410.00,26.11,30.90,31
422,0.99,2,0.001,500,-10,0,601,0.00,0.05,15460.00,26.13,30.80,31
423,0.99,2,0.001,500,-10,0,601,0.00,0.07,15410.00,26.14,30.90,31
424,0.99,2,0.001,500,-10,0,601,0.00,0.07,15350.00,26.15,31.00,31
425,0.99,2,0.001,500,-10,0,601,0.00,1.00,14830.00,26.16,30.90,30
426,0.99,2,0.001,500,-10,0,601,0.00,0.07,15980.00,26.17,31.10,32
427,0.99,2,0.001,500,-10,0,601,0.00,0.07,14880.00,26.18,30.90,30
428,0.99,2,0.001,500,-10,0,601,0.00,0.02,13850.00,26.18,30.60,28
429,0.99,2,0.001,500,-10,0,601,0.00,0.05,15940.00,26.20,30.70,32
430,0.99,2,0.001,500,-10,0,601,0.00,0.17,15950.00,26.21,30.80,32
431,0.99,2,0.001,500,-10,0,601,0.00,0.06,15970.00,26.22,30.90,32
432,0.99,2,0.001,500,-10,0,601,0.00,0.05,15420.00,26.24,30.90,31
433,0.99,2,0.001,500,-10,0,601,0.00,0.06,15990.00,26.25,31.00,32
434,0.99,2,0.001,500,-10,0,601,0.00,0.06,14760.00,26.26,30.90,30
435,0.99,2,0.001,500,-10,0,601,0.00,0.06,14390.00,26.26,30.80,29
436,0.99,2,0.001,500,-10,0,601,0.00,0.02,15950.00,26.28,30.80,32
437,0.99,2,0.001,500,-10,0,601,0.00,0.06,15390.00,26.29,30.90,31
438,0.99,2,0.001,500,-10,0,601,0.00,1.00,15450.00,26.30,31.20,31
439,0.99,2,0.001,500,-10,0,601,0.00,0.05,16460.00,26.31,31.30,33
440,0.99,2,0.001,500,-10,0,601,0.00,0.33,15440.00,26.32,31.20,31
441,0.99,2,0.001,500,-10,0,601,0.00,0.04,15370.00,26.33,31.10,31
442,0.99,2,0.001,500,-10,0,601,0.00,0.33,15970.00,26.35,31.20,32
443,0.99,2,0.001,500,-10,0,601,0.00,0.25,15400.00,26.36,31.10,31
444,0.99,2,0.001,500,-10,0,601,0.00,0.33,15460.00,26.37,31.20,31
445,0.99,2,0.001,500,-10,0,601,0.00,0.02,15420.00,26.38,31.40,31
446,0.99,2,0.001,500,-10,0,601,0.00,0.04,15990.00,26.39,31.40,32
447,0.99,2,0.001,500,-10,0,601,0.00,0.07,15470.00,26.40,31.40,31
448,0.99,2,0.001,500,-10,0,601,0.00,0.07,15990.00,26.41,31.50,32
449,0.99,2,0.001,500,-10,0,601,0.00,0.25,14920.00,26.42,31.20,30
450,0.99,2,0.001,500,-10,0,601,0.00,0.03,15450.00,26.43,31.20,31
451,0.99,2,0.001,500,-10,0,601,0.00,0.02,15480.00,26.44,31.20,31
452,0.99,2,0.001,500,-10,0,601,0.00,0.05,15450.00,26.45,31.10,31
453,0.99,2,0.001,500,-10,0,601,0.00,0.06,15950.00,26.46,31.20,32
454,0.99,2,0.001,500,-10,0,601,0.00,0.04,15980.00,26.48,31.30,32
455,0.99,2,0.001,500,-10,0,601,0.00,0.12,15970.00,26.49,31.40,32
456,0.99,2,0.001,500,-10,0,601,0.00,0.05,15970.00,26.50,31.40,32
457,0.99,2,0.001,500,-10,0,601,0.00,0.03,15470.00,26.51,31.40,31
458,0.99,2,0.001,500,-10,0,601,0.00,0.05,15980.00,26.52,31.40,32
459,0.99,2,0.001,500,-10,0,601,0.00,0.11,15410.00,26.53,31.50,31
460,0.99,2,0.001,500,-10,0,601,0.00,0.02,14330.00,26.54,31.30,29
461,0.99,2,0.001,500,-10,0,601,0.00,0.04,15440.00,26.55,31.30,31
462,0.99,2,0.001,500,-10,0,601,0.00,0.06,15450.00,26.56,31.30,31
463,0.99,2,0.001,500,-10,0,601,0.00,0.06,16000.00,26.57,31.30,32
464,0.99,2,0.001,500,-10,0,601,0.00,0.07,15440.00,26.58,31.20,31
465,0.99,2,0.001,500,-10,0,601,0.00,0.04,15970.00,26.59,31.20,32
466,0.99,2,0.001,500,-10,0,601,0.00,0.06,15990.00,26.60,31.20,32
467,0.99,2,0.001,500,-10,0,601,0.00,0.04,14930.00,26.61,31.10,30
468,0.99,2,0.001,500,-10,0,601,0.00,0.08,15490.00,26.62,31.00,31
469,0.99,2,0.001,500,-10,0,601,0.00,0.10,15480.00,26.63,31.00,31
470,0.99,2,0.001,500,-10,0,601,0.00,1.00,15440.00,26.64,31.20,31
471,0.99,2,0.001,500,-10,0,601,0.00,0.25,15450.00,26.65,31.20,31
472,0.99,2,0.001,500,-10,0,601,0.00,0.02,14930.00,26.65,31.10,30
473,0.99,2,0.001,500,-10,0,601,0.00,0.03,15480.00,26.66,31.00,31
474,0.99,2,0.001,500,-10,0,601,0.00,0.04,15950.00,26.67,31.10,32
475,0.99,2,0.001,500,-10,0,601,0.00,0.05,15430.00,26.68,31.00,31
476,0.99,2,0.001,500,-10,0,601,0.00,0.04,15430.00,26.69,30.90,31
477,0.99,2,0.001,500,-10,0,601,0.00,0.06,15470.00,26.70,31.00,31
478,0.99,2,0.001,500,-10,0,601,0.00,0.06,15470.00,26.71,31.00,31
479,0.99,2,0.001,500,-10,0,601,0.00,0.04,14370.00,26.71,30.80,29
480,0.99,2,0.001,500,-10,0,601,0.00,0.03,16000.00,26.73,30.90,32
481,0.99,2,0.001,500,-10,0,601,0.00,0.04,15460.00,26.73,30.90,31
482,0.99,2,0.001,500,-10,0,601,0.00,0.05,15940.00,26.75,31.10,32
483,0.99,2,0.001,500,-10,0,601,0.00,0.04,14870.00,26.75,31.00,30
484,0.99,2,0.001,500,-10,0,601,0.00,0.04,15420.00,26.76,30.90,31
485,0.99,2,0.001,500,-10,0,601,0.00,0.03,15480.00,26.77,30.90,31
486,0.99,2,0.001,500,-10,0,601,0.00,0.17,14940.00,26.78,30.80,30
487,0.99,2,0.001,500,-10,0,601,0.00,0.02,14370.00,26.78,30.60,29
488,0.99,2,0.001,500,-10,0,601,0.00,0.05,15450.00,26.79,30.60,31
489,0.99,2,0.001,500,-10,0,601,0.00,0.02,15370.00,26.80,30.80,31
490,0.99,2,0.001,500,-10,0,601,0.00,0.05,14880.00,26.80,30.60,30
491,0.99,2,0.001,500,-10,0,601,0.00,0.03,14950.00,26.81,30.50,30
492,0.99,2,0.001,500,-10,0,601,0.00,0.11,15970.00,26.82,30.50,32
493,0.99,2,0.001,500,-10,0,601,0.00,0.03,16000.00,26.83,30.70,32
494,0.99,2,0.001,500,-10,0,601,0.00,0.05,15470.00,26.84,30.70,31
495,0.99,2,0.001,500,-10,0,601,0.00,0.03,15980.00,26.85,30.80,32
496,0.99,2,0.001,500,-10,0,601,0.00,0.04,15450.00,26.86,30.90,31
497,0.99,2,0.001,500,-10,0,601,0.00,0.04,15480.00,26.87,31.10,31
498,0.99,2,0.001,500,-10,0,601,0.00,0.05,15440.00,26.88,31.10,31
499,0.99,2,0.001,500,-10,0,601,0.00,0.05,15460.00,26.88,31.10,31
500,0.99,2,0.001,500,-10,0,601,0.00,0.04,16000.00,26.89,31.30,32
501,0.99,2,0.001,500,-10,0,601,0.00,0.25,14950.00,26.90,31.30,30
502,0.99,2,0.001,500,-10,0,601,0.00,0.06,14880.00,26.91,31.10,30
503,0.99,2,0.001,500,-10,0,601,0.00,0.25,14350.00,26.91,30.80,29
504,0.99,2,0.001,500,-10,0,601,0.00,0.03,15420.00,26.92,30.80,31
505,0.99,2,0.001,500,-10,0,601,0.00,0.07,14850.00,26.92,30.60,30
506,0.99,2,0.001,500,-10,0,601,0.00,0.14,14420.00,26.93,30.40,29
507,0.99,2,0.001,500,-10,0,601,0.00,0.09,14880.00,26.94,30.30,30
508,0.99,2,0.001,500,-10,0,601,0.00,0.12,14880.00,26.94,30.20,30
509,0.99,2,0.001,500,-10,0,601,0.00,0.04,16000.00,26.95,30.30,32
510,0.99,2,0.001,500,-10,0,601,0.00,0.05,16000.00,26.96,30.30,32
511,0.99,2,0.001,500,-10,0,601,0.00,0.03,16000.00,26.97,30.50,32
512,0.99,2,0.001,500,-10,0,601,0.00,0.03,15980.00,26.98,30.70,32
513,0.99,2,0.001,500,-10,0,601,0.00,0.04,16000.00,26.99,31.00,32
514,0.99,2,0.001,500,-10,0,601,0.00,0.04,16000.00,27.00,31.10,32
515,0.99,2,0.001,500,-10,0,601,0.00,0.08,15480.00,27.01,31.20,31
516,0.99,2,0.001,500,-10,0,601,0.00,0.02,14920.00,27.01,31.30,30
517,0.99,2,0.001,500,-10,0,601,0.00,0.04,16000.00,27.02,31.50,32
518,0.99,2,0.001,500,-10,0,601,0.00,0.03,15990.00,27.03,31.70,32
519,0.99,2,0.001,500,-10,0,601,0.00,0.02,13800.00,27.03,31.30,28
520,0.99,2,0.001,500,-10,0,601,0.00,0.04,14860.00,27.04,31.10,30
521,0.99,2,0.001,500,-10,0,601,0.00,0.06,16000.00,27.05,31.10,32
522,0.99,2,0.001,500,-10,0,601,0.00,0.02,16000.00,27.06,31.10,32
523,0.99,2,0.001,500,-10,0,601,0.00,0.11,15470.00,27.07,31.00,31
524,0.99,2,0.001,500,-10,0,601,0.00,0.06,15960.00,27.08,31.00,32
525,0.99,2,0.001,500,-10,0,601,0.00,0.02,16000.00,27.09,31.10,32
526,0.99,2,0.001,500,-10,0,601,0.00,0.02,15470.00,27.09,31.20,31
527,0.99,2,0.001,500,-10,0,601,0.00,0.04,15990.00,27.10,31.20,32
528,0.99,2,0.001,500,-10,0,601,0.00,0.03,16000.00,27.11,31.20,32
529,0.99,2,0.001,500,-10,0,601,0.00,0.20,15490.00,27.12,31.50,31
530,0.99,2,0.001,500,-10,0,601,0.00,0.08,16000.00,27.13,31.70,32
531,0.99,2,0.001,500,-10,0,601,0.00,0.06,15470.00,27.14,31.60,31
532,0.99,2,0.001,500,-10,0,601,0.00,0.04,16000.00,27.14,31.60,32
533,0.99,2,0.001,500,-10,0,601,0.00,0.06,15430.00,27.15,31.60,31
534,0.99,2,0.001,500,-10,0,601,0.00,0.03,16000.00,27.16,31.60,32
535,0.99,2,0.001,500,-10,0,601,0.00,0.03,15460.00,27.17,31.50,31
536,0.99,2,0.001,500,-10,0,601,0.00,0.03,16000.00,27.18,31.60,32
537,0.99,2,0.001,500,-10,0,601,0.00,0.08,16000.00,27.19,31.60,32
538,0.99,2,0.001,500,-10,0,601,0.00,0.04,16000.00,27.19,31.60,32
539,0.99,2,0.001,500,-10,0,601,0.00,0.02,15400.00,27.20,31.60,31
540,0.99,2,0.001,500,-10,0,601,0.00,0.04,16000.00,27.21,31.60,32
541,0.99,2,0.001,500,-10,0,601,0.00,0.14,15480.00,27.22,31.60,31
542,0.99,2,0.001,500,-10,0,601,0.00,0.02,15450.00,27.22,31.50,31
543,0.99,2,0.001,500,-10,0,601,0.00,0.17,14950.00,27.23,31.40,30
544,0.99,2,0.001,500,-10,0,601,0.00,0.05,15430.00,27.24,31.30,31
545,0.99,2,0.001,500,-10,0,601,0.00,0.03,15490.00,27.24,31.30,31
546,0.99,2,0.001,500,-10,0,601,0.00,0.05,15960.00,27.25,31.30,32
547,0.99,2,0.001,500,-10,0,601,0.00,0.04,15430.00,27.26,31.20,31
548,0.99,2,0.001,500,-10,0,601,0.00,0.03,15990.00,27.27,31.20,32
549,0.99,2,0.001,500,-10,0,601,0.00,0.03,15980.00,27.28,31.30,32
550,0.99,2,0.001,500,-10,0,601,0.00,0.02,15460.00,27.28,31.20,31
551,0.99,2,0.001,500,-10,0,601,0.00,0.04,15990.00,27.29,31.30,32
552,0.99,2,0.001,500,-10,0,601,0.00,0.03,16000.00,27.30,31.40,32
553,0.99,2,0.001,500,-10,0,601,0.00,0.33,14960.00,27.31,31.40,30
554,0.99,2,0.001,500,-10,0,601,0.00,0.05,16000.00,27.31,31.50,32
555,0.99,2,0.001,500,-10,0,601,0.00,0.08,14970.00,27.32,31.40,30
556,0.99,2,0.001,500,-10,0,601,0.00,0.03,15970.00,27.33,31.40,32
557,0.99,2,0.001,500,-10,0,601,0.00,0.02,15430.00,27.33,31.40,31
558,0.99,2,0.001,500,-10,0,601,0.00,0.03,14860.00,27.34,31.20,30
559,0.99,2,0.001,500,-10,0,601,0.00,0.06,16000.00,27.35,31.20,32
560,0.99,2,0.001,500,-10,0,601,0.00,0.02,15990.00,27.35,31.30,32
561,0.99,2,0.001,500,-10,0,601,0.00,0.04,15430.00,27.36,31.20,31
562,0.99,2,0.001,500,-10,0,601,0.00,0.04,16000.00,27.37,31.20,32
563,0.99,2,0.001,500,-10,0,601,0.00,0.02,15420.00,27.38,31.30,31
564,0.99,2,0.001,500,-10,0,601,0.00,0.04,15470.00,27.38,31.20,31
565,0.99,2,0.001,500,-10,0,601,0.00,0.03,15440.00,27.39,31.30,31
566,0.99,2,0.001,500,-10,0,601,0.00,0.10,15470.00,27.40,31.20,31
567,0.99,2,0.001,500,-10,0,601,0.00,0.10,15480.00,27.40,31.20,31
568,0.99,2,0.001,500,-10,0,601,0.00,0.03,14880.00,27.41,31.20,30
569,0.99,2,0.001,500,-10,0,601,0.00,0.05,15970.00,27.41,31.20,32
570,0.99,2,0.001,500,-10,0,601,0.00,0.03,15970.00,27.42,31.20,32
571,0.99,2,0.001,500,-10,0,601,0.00,0.03,15480.00,27.43,31.20,31
572,0.99,2,0.001,500,-10,0,601,0.00,0.04,14360.00,27.43,30.90,29
573,0.99,2,0.001,500,-10,0,601,0.00,0.04,15990.00,27.44,31.00,32
574,0.99,2,0.001,500,-10,0,601,0.00,0.07,16000.00,27.45,31.10,32
575,0.99,2,0.001,500,-10,0,601,0.00,0.02,15410.00,27.45,31.10,31
576,0.99,2,0.001,500,-10,0,601,0.00,0.09,15990.00,27.46,31.20,32
577,0.99,2,0.001,500,-10,0,601,0.00,0.04,15490.00,27.47,31.20,31
578,0.99,2,0.001,500,-10,0,601,0.00,0.33,15990.00,27.47,31.40,32
579,0.99,2,0.001,500,-10,0,601,0.00,0.33,14970.00,27.48,31.20,30
580,0.99,2,0.001,500,-10,0,601,0.00,0.08,15400.00,27.49,31.10,31
581,0.99,2,0.001,500,-10,0,601,0.00,0.02,15370.00,27.49,31.10,31
582,0.99,2,0.001,500,-10,0,601,0.00,0.07,15970.00,27.50,31.40,32
583,0.99,2,0.001,500,-10,0,601,0.00,0.02,16000.00,27.51,31.40,32
584,0.99,2,0.001,500,-10,0,601,0.00,0.03,15990.00,27.51,31.40,32
585,0.99,2,0.001,500,-10,0,601,0.00,0.03,16000.00,27.52,31.50,32
586,0.99,2,0.001,500,-10,0,601,0.00,0.05,16000.00,27.53,31.50,32
587,0.99,2,0.001,500,-10,0,601,0.00,0.05,14940.00,27.53,31.40,30
588,0.99,2,0.001,500,-10,0,601,0.00,0.09,15420.00,27.54,31.30,31
589,0.99,2,0.001,500,-10,0,601,0.00,0.04,15990.00,27.55,31.50,32
590,0.99,2,0.001,500,-10,0,601,0.00,0.03,14880.00,27.55,31.40,30
591,0.99,2,0.001,500,-10,0,601,0.00,0.17,16000.00,27.56,31.50,32
592,0.99,2,0.001,500,-10,0,601,0.00,0.02,16000.00,27.57,31.50,32
593,0.99,2,0.001,500,-10,0,601,0.00,0.08,15490.00,27.57,31.40,31
594,0.99,2,0.001,500,-10,0,601,0.00,0.02,15990.00,27.58,31.40,32
595,0.99,2,0.001,500,-10,0,601,0.00,0.04,15940.00,27.59,31.40,32
596,0.99,2,0.001,500,-10,0,601,0.00,0.04,15990.00,27.59,31.40,32
597,0.99,2,0.001,500,-10,0,601,0.00,0.04,16000.00,27.60,31.60,32
598,0.99,2,0.001,500,-10,0,601,0.00,0.03,15450.00,27.61,31.60,31
599,0.99,2,0.001,500,-10,0,601,0.00,0.17,15460.00,27.61,31.50,31
600,0.99,2,0.001,500,-10,0,601,0.00,0.03,16000.00,27.62,31.70,32
